Employee_ID,Attrition_rate
EID_22713,0.173087981
EID_9658,0.178988222
EID_22203,0.175463015
EID_7652,0.184970865
EID_6516,0.173418221
EID_20283,0.175134929
EID_21014,0.176184499
EID_7693,0.180587978
EID_13232,0.177468193
EID_6515,0.178391988
EID_13639,0.17505704
EID_14669,0.181600018
EID_16537,0.180196031
EID_5782,0.185000132
EID_20157,0.177067461
EID_1855,0.172459755
EID_20748,0.177722424
EID_23179,0.184810752
EID_12838,0.176011572
EID_21656,0.17523973
EID_8844,0.176949193
EID_1536,0.172669155
EID_8822,0.178244682
EID_11398,0.174041708
EID_12965,0.177757419
EID_5204,0.17657911
EID_10030,0.179439983
EID_13227,0.17790663
EID_20607,0.186527348
EID_14070,0.180867892
EID_3755,0.179745084
EID_5459,0.171800443
EID_7697,0.182600108
EID_3935,0.17097349
EID_19046,0.177396723
EID_4040,0.175712414
EID_17730,0.17742122
EID_4995,0.171275226
EID_24653,0.17958407
EID_6978,0.17569054
EID_13775,0.180213394
EID_14608,0.173184499
EID_3148,0.180909133
EID_24868,0.182830714
EID_5521,0.175913334
EID_21155,0.178219665
EID_3840,0.17830944
EID_10646,0.175448633
EID_6711,0.175683823
EID_16247,0.178952381
EID_16789,0.178427157
EID_17967,0.17751301
EID_13270,0.181678763
EID_18462,0.181121346
EID_22248,0.167446263
EID_22693,0.177126301
EID_25662,0.179499405
EID_23346,0.178448914
EID_4437,0.18135368
EID_18108,0.182442541
EID_7000,0.179020291
EID_22770,0.175206165
EID_7816,0.187950254
EID_19615,0.181777164
EID_23807,0.175147997
EID_16764,0.171497942
EID_16818,0.183671418
EID_22712,0.180891986
EID_18198,0.186703599
EID_11154,0.181361453
EID_22137,0.18437769
EID_11655,0.174868224
EID_18514,0.179049103
EID_24742,0.178732941
EID_16019,0.179801895
EID_7357,0.174809529
EID_20106,0.171875668
EID_13284,0.183250048
EID_5451,0.178404168
EID_19728,0.174954294
EID_9178,0.18167632
EID_13177,0.179810887
EID_14300,0.172094004
EID_4379,0.178535599
EID_11285,0.174577216
EID_14882,0.175310718
EID_9969,0.181163042
EID_23643,0.186320113
EID_5935,0.177602146
EID_7741,0.187555624
EID_6176,0.177976739
EID_5418,0.178814024
EID_20626,0.178591339
EID_1725,0.177413942
EID_14317,0.17178473
EID_12120,0.174214832
EID_20264,0.177881707
EID_16691,0.18313898
EID_1093,0.184237222
EID_2565,0.172191926
EID_11463,0.176791937
EID_12005,0.181889361
EID_10326,0.188491552
EID_12582,0.185553489
EID_18228,0.177546256
EID_11670,0.179561813
EID_24257,0.17807875
EID_7024,0.178474373
EID_10382,0.17655713
EID_20210,0.176477453
EID_10294,0.178995608
EID_19941,0.175534215
EID_25572,0.177313728
EID_7758,0.177826981
EID_22718,0.181478281
EID_1078,0.174042624
EID_8227,0.174928109
EID_1702,0.176541122
EID_3532,0.173807429
EID_22452,0.180196091
EID_3019,0.179012986
EID_22264,0.173819542
EID_9866,0.179442937
EID_3520,0.17931314
EID_21098,0.176830061
EID_1186,0.175221101
EID_12355,0.176845685
EID_11020,0.176848086
EID_19193,0.182075365
EID_17787,0.183696472
EID_13719,0.175782432
EID_24449,0.175763265
EID_12957,0.178425829
EID_24794,0.169046079
EID_2866,0.194582565
EID_10563,0.176333608
EID_22492,0.182237631
EID_4106,0.183432956
EID_6648,0.171772365
EID_7209,0.177553077
EID_9692,0.175103336
EID_22763,0.179638855
EID_12622,0.178731168
EID_9831,0.180024267
EID_5731,0.177753564
EID_1114,0.174092768
EID_25017,0.173186036
EID_22956,0.177219297
EID_5549,0.179762015
EID_12022,0.174452032
EID_8034,0.179980261
EID_20644,0.179073075
EID_20125,0.180064273
EID_21957,0.176206659
EID_8870,0.170400907
EID_2305,0.17210266
EID_3977,0.178177199
EID_14845,0.173233527
EID_6629,0.169386086
EID_14577,0.183152319
EID_24509,0.180009797
EID_1530,0.17911009
EID_21524,0.173608734
EID_6647,0.173637685
EID_19730,0.175450464
EID_4424,0.179513303
EID_7964,0.179939077
EID_6289,0.180795495
EID_2899,0.174922516
EID_2827,0.173454909
EID_8801,0.174744411
EID_20454,0.174379942
EID_18988,0.174591558
EID_8405,0.176288227
EID_14497,0.168241143
EID_11769,0.173167949
EID_21353,0.177296611
EID_2221,0.172076765
EID_13218,0.182640518
EID_4576,0.175174034
EID_17470,0.186196544
EID_14817,0.178265639
EID_21845,0.181163931
EID_21987,0.190292385
EID_1168,0.176808274
EID_14315,0.174021366
EID_5043,0.17702871
EID_1967,0.176824022
EID_22274,0.185358909
EID_11091,0.176929176
EID_18421,0.179440342
EID_8316,0.175794689
EID_13308,0.186085187
EID_19481,0.176579014
EID_17732,0.178268536
EID_4504,0.17622673
EID_2539,0.168374715
EID_19529,0.180437038
EID_2279,0.177655683
EID_14508,0.177663595
EID_12241,0.175002087
EID_11530,0.179197105
EID_20147,0.180911299
EID_6154,0.17470546
EID_3523,0.1770657
EID_20453,0.173900062
EID_11929,0.178471514
EID_12840,0.1762288
EID_22320,0.181819512
EID_25383,0.17287775
EID_10731,0.175574805
EID_1017,0.171300531
EID_1819,0.172325772
EID_22849,0.179061191
EID_12290,0.179975072
EID_24238,0.175030373
EID_3105,0.178030567
EID_14242,0.182723967
EID_16569,0.17629155
EID_8094,0.175934389
EID_7824,0.176725674
EID_8978,0.178053205
EID_25314,0.182709546
EID_17810,0.177253588
EID_14856,0.174304039
EID_22144,0.175122985
EID_23603,0.175481692
EID_7211,0.178055893
EID_19340,0.180771492
EID_1501,0.182130914
EID_22111,0.181214245
EID_16147,0.177319874
EID_16746,0.180892329
EID_20777,0.174725581
EID_12999,0.179250344
EID_21663,0.183285123
EID_11862,0.176566407
EID_17683,0.175777352
EID_19819,0.175793582
EID_21562,0.180280143
EID_24390,0.170263423
EID_14444,0.175176272
EID_3261,0.180095108
EID_7752,0.181672993
EID_3033,0.17619697
EID_22433,0.178765004
EID_23727,0.175336416
EID_24107,0.182461545
EID_22537,0.173199503
EID_13645,0.182960249
EID_16021,0.180692695
EID_19800,0.181166654
EID_1944,0.177087305
EID_15868,0.179556894
EID_22188,0.17707024
EID_13833,0.179269524
EID_15028,0.181238149
EID_24861,0.182010577
EID_13033,0.170783754
EID_23673,0.170955835
EID_13265,0.175306346
EID_23411,0.16965074
EID_3761,0.175964035
EID_7299,0.179953334
EID_2379,0.171885546
EID_18863,0.171491871
EID_12115,0.175775704
EID_23879,0.165904936
EID_16586,0.175644244
EID_19003,0.17420738
EID_11107,0.173230761
EID_15416,0.173462776
EID_19214,0.171838898
EID_5135,0.174058201
EID_22464,0.17777484
EID_22759,0.17787919
EID_17833,0.179075726
EID_17627,0.173683372
EID_25730,0.177186232
EID_2377,0.177963814
EID_18085,0.177292342
EID_14096,0.177517574
EID_8384,0.172960691
EID_17105,0.177389029
EID_9929,0.179124347
EID_13267,0.172599752
EID_12954,0.180805252
EID_4464,0.178702932
EID_11464,0.172449991
EID_19308,0.178442868
EID_17530,0.17746927
EID_6981,0.18611356
EID_19951,0.178319111
EID_1100,0.175803399
EID_25145,0.178384582
EID_15614,0.183670116
EID_2961,0.186153338
EID_1742,0.177249098
EID_2843,0.170725007
EID_9549,0.186628739
EID_12832,0.187535853
EID_17914,0.1779594
EID_22832,0.181942202
EID_5755,0.176821572
EID_1141,0.177100699
EID_18954,0.177949281
EID_10824,0.173484162
EID_24478,0.17952501
EID_14916,0.180011339
EID_4434,0.17403294
EID_23650,0.16940625
EID_16556,0.177560305
EID_24656,0.179631604
EID_25965,0.173269671
EID_9279,0.173651452
EID_13802,0.175900255
EID_2748,0.17696525
EID_17346,0.174417408
EID_1171,0.178170115
EID_1552,0.177438498
EID_20674,0.176800858
EID_2475,0.169774033
EID_16714,0.174416621
EID_7857,0.178919673
EID_3294,0.170156082
EID_2280,0.175191992
EID_10203,0.178878086
EID_22162,0.177685812
EID_10438,0.17422537
EID_12898,0.17729883
EID_4358,0.18454067
EID_6179,0.175246395
EID_2538,0.180170571
EID_13110,0.185963757
EID_24585,0.182029959
EID_1006,0.175874722
EID_11632,0.176990936
EID_21011,0.174742664
EID_16869,0.180295279
EID_20564,0.175293991
EID_12996,0.183115618
EID_1503,0.176696047
EID_23053,0.170458903
EID_22049,0.174371602
EID_4346,0.172408247
EID_1887,0.176742786
EID_16849,0.179001762
EID_10071,0.180995391
EID_11265,0.178155748
EID_12611,0.177230667
EID_25542,0.187107948
EID_11582,0.170411865
EID_19550,0.176805897
EID_5351,0.175728374
EID_3305,0.171087684
EID_18846,0.179495806
EID_24764,0.173259761
EID_2191,0.177762075
EID_6314,0.184546453
EID_23248,0.171723948
EID_4570,0.173666486
EID_16415,0.181251301
EID_11002,0.181516724
EID_20498,0.177347245
EID_7846,0.192919779
EID_24121,0.177780822
EID_7536,0.177787104
EID_2015,0.173632915
EID_7934,0.18855397
EID_20903,0.185369455
EID_17535,0.180621419
EID_19760,0.178347265
EID_9550,0.176337357
EID_4261,0.179586978
EID_19753,0.18117015
EID_13542,0.177289038
EID_24283,0.167765942
EID_7552,0.181151597
EID_11577,0.175278409
EID_3228,0.182141176
EID_17468,0.177992258
EID_15815,0.181059203
EID_2093,0.172981867
EID_21356,0.181334259
EID_12357,0.181275426
EID_18495,0.177293029
EID_5098,0.183987883
EID_12691,0.176051349
EID_13240,0.177870663
EID_19312,0.170020575
EID_23914,0.180779454
EID_23175,0.186048833
EID_15413,0.178276379
EID_4785,0.169043035
EID_25933,0.177883125
EID_22705,0.186211097
EID_19350,0.180762971
EID_5369,0.176637854
EID_20410,0.174227008
EID_12557,0.183665337
EID_17678,0.179393086
EID_1342,0.179920387
EID_12230,0.176612756
EID_1311,0.184687769
EID_5860,0.185819448
EID_4259,0.169708498
EID_10209,0.17693932
EID_2300,0.174364116
EID_17408,0.18396123
EID_1883,0.175520064
EID_1053,0.172435736
EID_23610,0.190459805
EID_17585,0.180273287
EID_20845,0.179926457
EID_15683,0.184254236
EID_11976,0.173371555
EID_12031,0.176226845
EID_1711,0.175371231
EID_6239,0.174776725
EID_25541,0.18282527
EID_9308,0.178457326
EID_18168,0.175134635
EID_11934,0.176110857
EID_23472,0.175122267
EID_13731,0.166585837
EID_16069,0.178519171
EID_18276,0.177831483
EID_6141,0.177391235
EID_12061,0.175142319
EID_9450,0.178681652
EID_21730,0.174733202
EID_19506,0.175915396
EID_13552,0.175349137
EID_9945,0.178296758
EID_1924,0.185901629
EID_18453,0.175047813
EID_20225,0.177870647
EID_18673,0.177942509
EID_11420,0.178760932
EID_16631,0.185360095
EID_21237,0.176692564
EID_5015,0.180086504
EID_20179,0.165906696
EID_12073,0.175776009
EID_21147,0.174462583
EID_6714,0.17975319
EID_10645,0.17835054
EID_18298,0.182489979
EID_2640,0.185082488
EID_2318,0.175815753
EID_25226,0.172580151
EID_24099,0.185912726
EID_20938,0.179283941
EID_8377,0.177143959
EID_7023,0.166604632
EID_11385,0.181681322
EID_15016,0.179363732
EID_25794,0.179026272
EID_11494,0.182960492
EID_2425,0.176801641
EID_9847,0.175885415
EID_3570,0.180712043
EID_13573,0.177585211
EID_13780,0.180545814
EID_2949,0.169884362
EID_19834,0.182837349
EID_11384,0.174608987
EID_23154,0.174618007
EID_9337,0.183300449
EID_3653,0.177626942
EID_4850,0.166606505
EID_16283,0.17730093
EID_5107,0.179499799
EID_25156,0.177394095
EID_17223,0.184104841
EID_14695,0.170719823
EID_11374,0.17261359
EID_13672,0.182500042
EID_6782,0.176269006
EID_25074,0.175806113
EID_21087,0.174598663
EID_13017,0.180647425
EID_9947,0.177617308
EID_21221,0.178743372
EID_21639,0.1777164
EID_20333,0.180038808
EID_2970,0.177057787
EID_7624,0.178744847
EID_15741,0.175069152
EID_1312,0.174134771
EID_19575,0.175478085
EID_21047,0.171692553
EID_11969,0.182791049
EID_19145,0.175918959
EID_9871,0.177616111
EID_18852,0.179803991
EID_22326,0.181612414
EID_7259,0.178526701
EID_21920,0.180256054
EID_1436,0.175365441
EID_8261,0.175686984
EID_23228,0.169160818
EID_5560,0.179202716
EID_22357,0.177448767
EID_4816,0.17739332
EID_10000,0.172612428
EID_21908,0.17605454
EID_14887,0.170629252
EID_12497,0.172064493
EID_17976,0.174052513
EID_17356,0.17598277
EID_9785,0.174687872
EID_16224,0.17512857
EID_6020,0.175723174
EID_20716,0.182381962
EID_11351,0.169882145
EID_20899,0.176838212
EID_9718,0.173038667
EID_9479,0.179327395
EID_25048,0.177323789
EID_23370,0.172252082
EID_13877,0.178495138
EID_12256,0.181599284
EID_1903,0.176487007
EID_8830,0.180932899
EID_22060,0.184634926
EID_11996,0.181730699
EID_21061,0.189498478
EID_22604,0.177846809
EID_18463,0.17921605
EID_11375,0.186017267
EID_2685,0.172156097
EID_16010,0.182943896
EID_19288,0.181076907
EID_9283,0.178060952
EID_11122,0.177308552
EID_6638,0.176655884
EID_25516,0.178982366
EID_3864,0.18023264
EID_9746,0.179062133
EID_8407,0.166611027
EID_25463,0.177462238
EID_23098,0.173179222
EID_22512,0.175819433
EID_14671,0.176297309
EID_18482,0.173337007
EID_8151,0.172330884
EID_16624,0.168982886
EID_1983,0.176792508
EID_18445,0.17847285
EID_11891,0.178508493
EID_2010,0.180888791
EID_4592,0.165700307
EID_17412,0.173758475
EID_24883,0.178445516
EID_15661,0.177137704
EID_11757,0.17399812
EID_2627,0.175053713
EID_13243,0.180695053
EID_10917,0.183363857
EID_4360,0.17107407
EID_13536,0.180406701
EID_10695,0.189061226
EID_5746,0.17166392
EID_1178,0.176890829
EID_15290,0.168026099
EID_3540,0.175355612
EID_14684,0.186154882
EID_7914,0.176275709
EID_23733,0.171989729
EID_5907,0.199271463
EID_5142,0.17155425
EID_7686,0.185174159
EID_12078,0.175514361
EID_4880,0.183099004
EID_1527,0.178969869
EID_15919,0.174640815
EID_1260,0.179202839
EID_22377,0.176677012
EID_7876,0.177158853
EID_1213,0.173435372
EID_4161,0.176287054
EID_3214,0.183327879
EID_17651,0.180540065
EID_8005,0.178999238
EID_12852,0.180260987
EID_21465,0.179675127
EID_7371,0.174393884
EID_25687,0.173770856
EID_17222,0.179070879
EID_1994,0.181385013
EID_22384,0.171839537
EID_6344,0.179678584
EID_18801,0.17555664
EID_13688,0.175430389
EID_13779,0.181903723
EID_24969,0.182918068
EID_15311,0.185299434
EID_9095,0.170545884
EID_11675,0.176642068
EID_14870,0.176479831
EID_1575,0.175965712
EID_7440,0.173412777
EID_24259,0.176721218
EID_19501,0.181519413
EID_23743,0.17812713
EID_13287,0.184054831
EID_2226,0.176938239
EID_22439,0.172939375
EID_16078,0.190873142
EID_18895,0.180418456
EID_19860,0.183613008
EID_24564,0.177234084
EID_21747,0.180524257
EID_4659,0.17642402
EID_24149,0.175202999
EID_13300,0.178080156
EID_16950,0.180684541
EID_23778,0.179165344
EID_14691,0.180834882
EID_10789,0.176069896
EID_5525,0.18132872
EID_19424,0.181658179
EID_6171,0.174368192
EID_19569,0.172601221
EID_4602,0.182062548
EID_17919,0.175266982
EID_4286,0.175670506
EID_1973,0.176313658
EID_25715,0.187441034
EID_23385,0.192712263
EID_13681,0.173398505
EID_25410,0.173026725
EID_18267,0.176085704
EID_15252,0.178429553
EID_23214,0.175530332
EID_18551,0.185820273
EID_2401,0.17927171
EID_7609,0.185700312
EID_21291,0.175727927
EID_10126,0.176489024
EID_19714,0.17366741
EID_4911,0.177584084
EID_12505,0.181377826
EID_10377,0.182102046
EID_3407,0.183476249
EID_3386,0.17666112
EID_7623,0.184528702
EID_19517,0.176227395
EID_21782,0.175423373
EID_12361,0.175073751
EID_21171,0.172762921
EID_17836,0.175865229
EID_20286,0.180295343
EID_25798,0.183429549
EID_15699,0.181176679
EID_17006,0.183242723
EID_22476,0.183853585
EID_9406,0.183702155
EID_13559,0.173065133
EID_1340,0.173771451
EID_17848,0.179227673
EID_20358,0.175461065
EID_14265,0.176338084
EID_9820,0.178674459
EID_13755,0.181352482
EID_13293,0.178460013
EID_25837,0.177139599
EID_20466,0.177125291
EID_11032,0.181924758
EID_2399,0.178695723
EID_23917,0.177960962
EID_17011,0.178555476
EID_8967,0.189054908
EID_24468,0.168002583
EID_8435,0.178819728
EID_17953,0.17458799
EID_7140,0.169296607
EID_24404,0.189873402
EID_14380,0.175507534
EID_1232,0.173925767
EID_1573,0.173712793
EID_3684,0.175906823
EID_15824,0.181911504
EID_9212,0.181179024
EID_21121,0.177303889
EID_6346,0.177117157
EID_9525,0.181748865
EID_9726,0.173192809
EID_2526,0.181562305
EID_4228,0.174113035
EID_14595,0.174643055
EID_15856,0.18474435
EID_6768,0.175283306
EID_23953,0.169963129
EID_19059,0.180674403
EID_5268,0.173405994
EID_7619,0.180269037
EID_23028,0.174916651
EID_22104,0.177726163
EID_10318,0.179964679
EID_25369,0.177792771
EID_16633,0.183711517
EID_15848,0.182325292
EID_2240,0.186623942
EID_1059,0.181852124
EID_9315,0.188984879
EID_15388,0.180810029
EID_9984,0.182725837
EID_4296,0.180792719
EID_10927,0.175886309
EID_25054,0.179107848
EID_1884,0.176209176
EID_21960,0.175802731
EID_5572,0.174139868
EID_16872,0.182939206
EID_24525,0.175105973
EID_14237,0.175234544
EID_7114,0.178792138
EID_7448,0.174701393
EID_17668,0.1757497
EID_7674,0.189971479
EID_5884,0.181054614
EID_13942,0.184088496
EID_13098,0.189496248
EID_7695,0.189478831
EID_5350,0.181872813
EID_22853,0.190731408
EID_2385,0.17415472
EID_18006,0.172630129
EID_12875,0.179095627
EID_5478,0.17907192
EID_18690,0.174223954
EID_12545,0.17643645
EID_13888,0.179025605
EID_9732,0.178806378
EID_18001,0.177242088
EID_17479,0.178341761
EID_23757,0.180403838
EID_1303,0.194255833
EID_5375,0.179422453
EID_5869,0.182286246
EID_8825,0.173274525
EID_22567,0.179920128
EID_16273,0.177078669
EID_20618,0.176342586
EID_3608,0.173201681
EID_8806,0.172577612
EID_23170,0.18324183
EID_12243,0.184377432
EID_20089,0.186815714
EID_16852,0.177495922
EID_18312,0.187585402
EID_14010,0.177385509
EID_14705,0.182624907
EID_20956,0.183503574
EID_18794,0.176339489
EID_1629,0.171742623
EID_25483,0.180866132
EID_4542,0.176955529
EID_10076,0.191286512
EID_9469,0.175064728
EID_25284,0.181750694
EID_11972,0.176804574
EID_1798,0.173302199
EID_21903,0.170517237
EID_20031,0.181965102
EID_20365,0.181227631
EID_9210,0.177777716
EID_19750,0.183527237
EID_4006,0.177653538
EID_24922,0.178136077
EID_4760,0.185242784
EID_11035,0.178515061
EID_21008,0.186129291
EID_23731,0.182035159
EID_21788,0.180475951
EID_5428,0.173660186
EID_14023,0.176879179
EID_2937,0.178927333
EID_16931,0.183711231
EID_18299,0.175651346
EID_6660,0.17864901
EID_23187,0.171763722
EID_14868,0.175461101
EID_23247,0.177471991
EID_15971,0.175931221
EID_7852,0.176595349
EID_7017,0.196803146
EID_7494,0.182214393
EID_18706,0.178389656
EID_22784,0.173807753
EID_10756,0.178434521
EID_6854,0.173293013
EID_12554,0.179359107
EID_1162,0.183262377
EID_19581,0.18165894
EID_2169,0.172009667
EID_25149,0.181613731
EID_22575,0.174304148
EID_2265,0.182517171
EID_19668,0.175448232
EID_19245,0.176002467
EID_8194,0.18060747
EID_8081,0.181152935
EID_8670,0.178459042
EID_7992,0.183580346
EID_6596,0.182636008
EID_3699,0.173517655
EID_9698,0.171801864
EID_1847,0.177768839
EID_16179,0.176865436
EID_23663,0.170372435
EID_24287,0.178010988
EID_3527,0.169418375
EID_18652,0.175135237
EID_24110,0.174713264
EID_21419,0.172700892
EID_12865,0.176233009
EID_9237,0.174088577
EID_20408,0.173795503
EID_22934,0.17124868
EID_6492,0.182006219
EID_20285,0.182310747
EID_1286,0.174961688
EID_12542,0.181007552
EID_5523,0.17480642
EID_1979,0.176354563
EID_23146,0.174202564
EID_4773,0.17522072
EID_8785,0.176307345
EID_4463,0.176568513
EID_24028,0.18103413
EID_20920,0.177755875
EID_21392,0.190416349
EID_4079,0.178642326
EID_5173,0.174930672
EID_22915,0.173178641
EID_18347,0.177035336
EID_7984,0.184950477
EID_25148,0.182256995
EID_4350,0.182388437
EID_6909,0.183260736
EID_10582,0.172363064
EID_6248,0.178495071
EID_10035,0.179883132
EID_24603,0.178400032
EID_1794,0.179087754
EID_9407,0.180399205
EID_2114,0.181698143
EID_21125,0.175164487
EID_15046,0.173749144
EID_8058,0.186398293
EID_1961,0.1774553
EID_23324,0.170285127
EID_21521,0.179584516
EID_11043,0.175629926
EID_6461,0.173263579
EID_10398,0.176181828
EID_20635,0.180635058
EID_22940,0.181158402
EID_8582,0.176004904
EID_12770,0.180001994
EID_15982,0.182442205
EID_19692,0.168059364
EID_18304,0.179476735
EID_13603,0.175685522
EID_6145,0.179005637
EID_16587,0.180887107
EID_16835,0.182644815
EID_8399,0.175238234
EID_7012,0.169939484
EID_20575,0.178270813
EID_20747,0.179243087
EID_3907,0.178498278
EID_22626,0.179578748
EID_4442,0.17719116
EID_18034,0.178864699
EID_16055,0.181751272
EID_21684,0.183385741
EID_17499,0.174176277
EID_1222,0.180865395
EID_17204,0.178190879
EID_22732,0.184367943
EID_8539,0.176652609
EID_23136,0.177100458
EID_24470,0.182625971
EID_17404,0.173407649
EID_21498,0.173294243
EID_19495,0.176016405
EID_23966,0.177499494
EID_1388,0.173212712
EID_7374,0.182640009
EID_25441,0.179098276
EID_16616,0.172572923
EID_7654,0.182856053
EID_4217,0.18180158
EID_9968,0.177450525
EID_17830,0.184923737
EID_12023,0.167019575
EID_24002,0.178327801
EID_11371,0.175734848
EID_11096,0.178037651
EID_24835,0.17768351
EID_17439,0.172427549
EID_6587,0.174350047
EID_21946,0.179894809
EID_5431,0.176323628
EID_4723,0.175251641
EID_11535,0.178403264
EID_2330,0.17289482
EID_23531,0.183521863
EID_8913,0.175830877
EID_21273,0.174157446
EID_11927,0.174668187
EID_1385,0.172675217
EID_15758,0.174671142
EID_1023,0.175798002
EID_8959,0.177180098
EID_12911,0.176509561
EID_15925,0.170478146
EID_17769,0.1817753
EID_19842,0.179388231
EID_15875,0.181075733
EID_21284,0.175297072
EID_24825,0.177517011
EID_23825,0.181989779
EID_13001,0.17220769
EID_25601,0.188031115
EID_24670,0.185674309
EID_24412,0.175550674
EID_18712,0.175141875
EID_21138,0.177164142
EID_19335,0.180784575
EID_16753,0.174929076
EID_24399,0.178176331
EID_12567,0.184361788
EID_22161,0.175266043
EID_12609,0.183905182
EID_22249,0.172015912
EID_5314,0.175647889
EID_1897,0.1755765
EID_22507,0.174806392
EID_2878,0.177525768
EID_10098,0.180081452
EID_18435,0.174986014
EID_8063,0.178955668
EID_3512,0.176740202
EID_24444,0.180479533
EID_9813,0.180603193
EID_25132,0.181597622
EID_5613,0.179108278
EID_14062,0.176789314
EID_20073,0.174324103
EID_12506,0.1757716
EID_1092,0.180729884
EID_15895,0.176625675
EID_1039,0.170065571
EID_22016,0.178692676
EID_6764,0.182813824
EID_17384,0.17722924
EID_8705,0.177929432
EID_14832,0.178293716
EID_16473,0.178019788
EID_11186,0.18022932
EID_7476,0.170683645
EID_19671,0.177653895
EID_14001,0.174893205
EID_10658,0.178439664
EID_6668,0.184244385
EID_13786,0.186064855
EID_11224,0.180964462
EID_13296,0.182098
EID_22145,0.166056779
EID_6494,0.17644652
EID_1649,0.182428964
EID_20878,0.177888678
EID_3790,0.17692022
EID_9257,0.184032494
EID_14917,0.175472386
EID_22052,0.193335675
EID_1198,0.169117717
EID_8478,0.180260299
EID_2071,0.173958095
EID_1250,0.181278524
EID_9000,0.170950058
EID_17319,0.185940497
EID_21794,0.180111237
EID_23350,0.1769842
EID_16278,0.174979618
EID_3330,0.178019032
EID_12584,0.181871147
EID_9354,0.181863478
EID_15007,0.17903214
EID_11656,0.168804669
EID_22526,0.178148592
EID_11027,0.173339757
EID_21588,0.180477102
EID_13717,0.178861059
EID_8073,0.174224553
EID_15972,0.181747662
EID_5730,0.194359489
EID_23968,0.177417583
EID_4299,0.181998034
EID_6302,0.173309017
EID_6974,0.171565138
EID_4829,0.179768693
EID_21139,0.173077524
EID_23456,0.18435676
EID_20110,0.182542228
EID_20342,0.175601383
EID_15238,0.177560136
EID_10349,0.173654278
EID_10077,0.172154845
EID_22330,0.180486233
EID_4368,0.173969176
EID_8859,0.178890539
EID_24277,0.180128853
EID_1061,0.173916418
EID_5597,0.174145084
EID_4820,0.180728428
EID_5863,0.183854545
EID_23680,0.171760893
EID_5542,0.171012638
EID_6203,0.182970921
EID_5355,0.178367911
EID_19669,0.18646224
EID_21725,0.171960199
EID_2138,0.175500829
EID_24278,0.173243756
EID_6591,0.176905627
EID_21056,0.17747837
EID_18759,0.182876096
EID_12059,0.181616692
EID_11077,0.181835191
EID_17216,0.181023519
EID_15655,0.179404459
EID_19017,0.180294006
EID_17846,0.17341672
EID_6418,0.175926548
EID_25942,0.175735253
EID_5420,0.177663495
EID_11764,0.184283992
EID_16483,0.177323835
EID_1901,0.176913067
EID_21480,0.169218963
EID_8006,0.185631414
EID_1282,0.178135729
EID_6895,0.179475198
EID_13677,0.173955044
EID_6071,0.173612538
EID_14425,0.178907109
EID_22685,0.190521642
EID_20203,0.180320983
EID_19161,0.177709093
EID_1947,0.182703878
EID_16574,0.175482664
EID_2561,0.171182401
EID_20668,0.175476792
EID_7831,0.184496353
EID_8769,0.172666258
EID_25191,0.175118572
EID_15590,0.181833687
EID_12458,0.173898265
EID_11406,0.181859737
EID_17629,0.177072541
EID_4632,0.169686261
EID_18455,0.175913786
EID_23077,0.177595849
EID_25024,0.171629116
EID_6269,0.18223573
EID_12100,0.175195132
EID_23190,0.186899173
EID_9030,0.179042549
EID_12359,0.175921594
EID_12041,0.183389192
EID_2019,0.175112434
EID_22974,0.179867979
EID_10351,0.188438332
EID_23630,0.173677656
EID_7309,0.174345606
EID_19821,0.17912064
EID_4033,0.179046123
EID_3435,0.175551537
EID_5759,0.178856492
EID_12826,0.176143212
EID_8148,0.177606057
EID_16088,0.177480913
EID_15783,0.175960086
EID_19521,0.173909614
EID_13016,0.177619024
EID_13708,0.183110311
EID_4237,0.184614409
EID_3620,0.174212409
EID_10042,0.174203039
EID_8833,0.17537046
EID_21028,0.17125321
EID_3485,0.184319918
EID_23372,0.180589407
EID_19410,0.171872922
EID_6598,0.176792799
EID_25371,0.172501489
EID_19483,0.178539743
EID_22826,0.179279924
EID_23606,0.184944017
EID_9346,0.169252352
EID_1608,0.179812867
EID_1603,0.171982056
EID_23041,0.180365179
EID_7801,0.190553633
EID_22456,0.176794522
EID_24428,0.180047778
EID_10811,0.173130452
EID_24566,0.18222874
EID_2531,0.18203563
EID_10878,0.181387324
EID_19548,0.176320393
EID_11988,0.181215951
EID_11378,0.178015511
EID_9896,0.171882538
EID_17323,0.172352882
EID_24976,0.169150898
EID_11249,0.182036058
EID_20395,0.175250451
EID_18262,0.180758973
EID_14670,0.175434738
EID_12880,0.175515368
EID_1406,0.181229518
EID_23014,0.179331488
EID_5224,0.178293888
EID_3232,0.178098231
EID_22327,0.178039732
EID_2285,0.172877271
EID_20468,0.17258987
EID_4443,0.179322487
EID_15641,0.177325173
EID_8106,0.176152237
EID_13958,0.183420694
EID_10214,0.18462684
EID_17739,0.176402017
EID_13347,0.18331848
EID_23453,0.177009888
EID_1477,0.18759726
EID_20224,0.178521371
EID_2362,0.187816471
EID_21421,0.180649569
EID_7860,0.184709208
EID_10286,0.186628005
EID_7184,0.184928276
EID_21742,0.186500412
EID_21610,0.178049723
EID_19375,0.170893106
EID_18564,0.176874221
EID_19108,0.175716031
EID_17928,0.177351887
EID_25613,0.183950198
EID_23787,0.178807429
EID_2392,0.175055634
EID_7574,0.177040247
EID_9810,0.17178929
EID_14332,0.170662333
EID_20937,0.192829799
EID_7827,0.17403762
EID_7457,0.17212317
EID_11152,0.174343904
EID_12917,0.176660547
EID_18590,0.175430343
EID_15327,0.172068524
EID_11687,0.177328763
EID_5179,0.172378129
EID_5623,0.179109681
EID_25331,0.178680796
EID_24386,0.177151733
EID_6507,0.16890695
EID_7842,0.17518511
EID_12018,0.172812603
EID_6640,0.175080943
EID_9872,0.180715148
EID_2331,0.178277958
EID_19685,0.178477721
EID_25701,0.17722011
EID_25681,0.186735971
EID_20151,0.183555545
EID_8980,0.17792546
EID_12719,0.18102383
EID_20075,0.185342666
EID_14984,0.179358499
EID_8177,0.186601066
EID_1360,0.173424242
EID_24812,0.178198668
EID_8480,0.177222418
EID_14567,0.182926556
EID_16194,0.181172267
EID_10020,0.179984967
EID_7321,0.174209945
EID_15387,0.181404633
EID_19419,0.179832179
EID_20496,0.181823148
EID_1308,0.173924998
EID_14770,0.17700061
EID_21893,0.177193993
EID_10990,0.172549622
EID_17521,0.176137259
EID_15274,0.177293331
EID_24001,0.175551462
EID_4111,0.181356738
EID_4284,0.179777446
EID_19682,0.188209507
EID_14871,0.181960418
EID_18152,0.181964537
EID_12520,0.184701461
EID_4739,0.177359345
EID_8424,0.171362658
EID_23600,0.174158343
EID_25891,0.185197855
EID_11618,0.180098301
EID_12674,0.178946077
EID_5999,0.166051406
EID_18063,0.182412103
EID_14859,0.175829346
EID_20353,0.174103251
EID_22962,0.177408741
EID_19650,0.177179806
EID_6108,0.186771161
EID_19012,0.184403853
EID_22925,0.181311211
EID_15619,0.179639035
EID_19998,0.17434361
EID_20052,0.180137843
EID_25044,0.181874438
EID_5422,0.184713334
EID_15354,0.173999872
EID_3804,0.177179138
EID_23277,0.17837377
EID_12336,0.177817153
EID_24839,0.176019475
EID_1651,0.187637526
EID_24355,0.170114901
EID_24276,0.176803452
EID_10346,0.184072273
EID_9579,0.177805753
EID_23242,0.178779076
EID_23541,0.171523065
EID_14741,0.177347785
EID_7783,0.184723831
EID_12569,0.176813288
EID_3834,0.170555663
EID_6799,0.178568004
EID_15609,0.180037774
EID_5496,0.175119623
EID_5080,0.175809105
EID_14834,0.174416282
EID_18266,0.17656032
EID_1182,0.176948224
EID_6445,0.176382703
EID_18656,0.179394147
EID_24011,0.194941279
EID_25093,0.18180858
EID_11334,0.18161595
EID_15785,0.181880803
EID_8060,0.174836775
EID_4349,0.170061124
EID_22525,0.179033497
EID_1231,0.174411887
EID_2127,0.177971283
EID_4047,0.180832065
EID_12989,0.182305852
EID_17726,0.177696054
EID_1602,0.193854034
EID_5945,0.172526371
EID_15166,0.170340825
EID_25317,0.178480929
EID_18848,0.17483333
EID_14455,0.183110553
EID_9724,0.18303485
EID_22697,0.176144524
EID_16505,0.181824072
EID_11616,0.172055966
EID_10352,0.177536634
EID_24093,0.175944391
EID_11826,0.181777888
EID_24211,0.176228571
EID_14709,0.175530451
EID_18747,0.174818314
EID_16077,0.175710404
EID_15440,0.181374052
EID_4935,0.177299659
EID_13791,0.175350031
EID_16876,0.173165251
EID_1335,0.172513322
EID_19086,0.170215331
EID_12872,0.178941338
EID_11623,0.178524044
EID_7807,0.188371595
EID_9605,0.173821465
EID_12736,0.181100108
EID_20565,0.182362052
EID_17225,0.187306335
EID_19974,0.176950138
EID_16045,0.178306938
EID_2082,0.178066525
EID_22219,0.176648981
EID_19439,0.183525042
EID_2979,0.171304329
EID_24414,0.174484551
EID_15148,0.170550484
EID_10690,0.173679393
EID_16346,0.179405214
EID_22752,0.176424229
EID_21746,0.180375612
EID_1705,0.171450836
EID_7498,0.178421445
EID_6874,0.177261844
EID_4543,0.176920991
EID_8931,0.168210328
EID_16435,0.179934974
EID_16767,0.176800186
EID_3058,0.174821236
EID_16381,0.17590953
EID_17190,0.177352174
EID_7079,0.173071875
EID_10191,0.180993765
EID_1378,0.178624725
EID_20222,0.177610483
EID_6156,0.18850202
EID_5975,0.177623749
EID_18682,0.178572835
EID_8837,0.179394999
EID_24686,0.179083672
EID_9869,0.176769756
EID_14673,0.176074136
EID_14443,0.182480471
EID_21591,0.181885366
EID_25240,0.180334592
EID_18365,0.182455099
EID_9260,0.179037231
EID_10696,0.176283341
EID_18012,0.176191296
EID_17421,0.178609271
EID_23615,0.173139896
EID_14132,0.179974824
EID_13168,0.173079132
EID_16973,0.177856272
EID_13426,0.173512994
EID_1493,0.177854991
EID_3994,0.183170909
EID_10574,0.17099064
EID_12394,0.181083482
EID_4781,0.171553296
EID_24911,0.177881982
EID_3205,0.178535071
EID_25568,0.171613759
EID_4343,0.175178094
EID_4330,0.17871809
EID_12518,0.171727899
EID_18426,0.178629498
EID_3862,0.177061818
EID_13478,0.182380716
EID_5607,0.174446621
EID_22353,0.177420241
EID_18346,0.176531614
EID_5978,0.177954234
EID_3391,0.173104238
EID_8525,0.177913594
EID_5245,0.165143661
EID_11791,0.178003985
EID_22913,0.191009882
EID_15587,0.179896289
EID_4851,0.181675396
EID_3432,0.178875691
EID_13090,0.186659123
EID_15117,0.185043921
EID_22004,0.173309777
EID_16053,0.179943359
EID_16458,0.172057211
EID_8021,0.175517086
EID_24385,0.172575893
EID_7053,0.175007019
EID_13544,0.176494926
EID_9014,0.186064892
EID_9246,0.17753031
EID_15642,0.174802685
EID_12295,0.169518675
EID_7925,0.180520811
EID_18473,0.175583138
EID_19427,0.174098005
EID_17027,0.172863981
EID_22093,0.172894661
EID_25611,0.180883212
EID_20490,0.17781725
EID_4204,0.179271768
EID_2604,0.182478261
EID_16152,0.182749933
EID_8563,0.174101367
EID_18620,0.183573484
EID_11012,0.17925281
EID_19598,0.188616096
EID_13159,0.181849786
EID_13171,0.174886212
EID_8374,0.176117155
EID_9838,0.176919701
EID_18489,0.179042305
EID_17451,0.180030402
EID_7269,0.17834772
EID_20548,0.173204502
EID_9466,0.170756924
EID_16085,0.177551042
EID_24082,0.181387457
EID_5078,0.175097777
EID_23951,0.185221332
EID_8327,0.177163326
EID_5904,0.183326408
EID_11085,0.175058117
EID_21437,0.174920982
EID_7471,0.181064317
EID_12046,0.17380581
EID_18653,0.17851087
EID_14175,0.191707705
EID_5514,0.175814151
EID_20148,0.181806881
EID_14260,0.179804584
EID_15574,0.179627535
EID_7287,0.176897781
EID_18889,0.176186952
EID_13106,0.176061214
EID_15448,0.180438754
EID_25897,0.17661611
EID_23758,0.172492358
EID_23208,0.179809654
EID_13646,0.179090468
EID_5467,0.179752176
EID_6022,0.176576925
EID_10923,0.176388053
EID_10408,0.173960615
EID_4186,0.172618624
EID_22022,0.172971226
EID_16390,0.186003446
EID_19493,0.180698194
EID_12519,0.186740818
EID_23549,0.18040178
EID_17612,0.177573782
EID_25007,0.174544665
EID_1949,0.175779459
EID_23313,0.182473382
EID_22516,0.173338448
EID_21836,0.175622363
EID_7268,0.1745638
EID_8202,0.169758728
EID_6613,0.183510032
EID_2596,0.178431741
EID_19849,0.177003902
EID_11546,0.178291593
EID_3942,0.177354383
EID_7899,0.182160977
EID_4802,0.178325161
EID_6725,0.174467052
EID_3835,0.187912288
EID_9511,0.171371869
EID_5757,0.175977961
EID_24838,0.17850878
EID_15225,0.173040947
EID_8238,0.178943836
EID_2826,0.181769571
EID_20774,0.177035928
EID_19311,0.17886768
EID_12339,0.17572271
EID_1583,0.173951916
EID_1033,0.184293208
EID_10764,0.177839531
EID_17203,0.180996078
EID_1345,0.175148914
EID_4951,0.17421949
EID_16956,0.174778897
EID_9203,0.186008299
EID_7021,0.185238194
EID_8707,0.178802705
EID_5209,0.17703478
EID_20428,0.180747696
EID_10913,0.170882851
EID_11507,0.173344347
EID_3693,0.179752882
EID_22857,0.175484254
EID_18744,0.173735119
EID_19600,0.174009184
EID_21336,0.179782151
EID_17676,0.175906893
EID_1678,0.17649996
EID_4889,0.174056211
EID_9961,0.179393432
EID_23386,0.177545593
EID_19835,0.178501786
EID_9519,0.175926459
EID_5449,0.177609636
EID_20640,0.179675644
EID_16387,0.183763799
EID_20293,0.181108981
EID_2296,0.17729112
EID_11827,0.176538957
EID_21522,0.1804526
EID_2767,0.171319203
EID_2873,0.181424529
EID_2603,0.172667204
EID_2674,0.173172891
EID_23682,0.176704456
EID_13310,0.166884241
EID_6523,0.176537774
EID_13056,0.180376201
EID_7244,0.174716702
EID_1072,0.179621195
EID_25833,0.173248505
EID_11244,0.178656941
EID_22918,0.18489734
EID_16735,0.171925233
EID_4201,0.184448052
EID_5998,0.183754163
EID_19254,0.179629675
EID_16653,0.180645869
EID_11729,0.184406243
EID_19573,0.172409373
EID_21463,0.189639491
EID_5899,0.17804414
EID_23613,0.166860801
EID_8609,0.178264615
EID_2660,0.17566969
EID_1333,0.178132249
EID_3212,0.183639415
EID_7830,0.184099459
EID_4372,0.181490266
EID_15955,0.181668009
EID_22059,0.171367727
EID_22804,0.17953563
EID_4700,0.176762551
EID_14401,0.188210596
EID_19971,0.173979604
EID_10684,0.182212435
EID_21512,0.175767538
EID_16722,0.179225671
EID_16012,0.183458792
EID_19093,0.177245855
EID_25636,0.174265611
EID_10567,0.169942778
EID_11601,0.168304216
EID_25697,0.172310374
EID_22131,0.173380634
EID_8511,0.168915158
EID_18114,0.181748574
EID_12784,0.184287097
EID_12820,0.179333713
EID_4512,0.177695702
EID_5837,0.182476715
EID_12564,0.185670198
EID_16737,0.177384608
EID_25986,0.181008354
EID_8729,0.179086009
EID_4386,0.171501175
EID_5223,0.180807871
EID_1494,0.179801704
EID_22699,0.175392074
EID_1083,0.175593027
EID_1329,0.177182896
EID_3550,0.171365433
EID_18845,0.185660024
EID_17946,0.179558585
EID_1712,0.182092456
EID_12024,0.179226904
EID_2974,0.171739956
EID_12806,0.179467859
EID_10396,0.175812619
EID_3998,0.174507627
EID_22451,0.180256108
EID_12242,0.178515893
EID_18599,0.170597289
EID_9423,0.176523996
EID_25347,0.17616334
EID_20183,0.183791325
EID_18079,0.175760432
EID_10059,0.177924656
EID_1322,0.179972545
EID_18109,0.171742717
EID_7325,0.174881648
EID_6000,0.177133631
EID_10760,0.178514318
EID_24380,0.178997272
EID_7070,0.170824134
EID_2796,0.175661988
EID_18860,0.179284367
EID_13597,0.179483828
EID_6858,0.17825943
EID_14987,0.183430175
EID_8902,0.175104367
EID_9453,0.178495398
EID_20605,0.177247787
EID_16020,0.180376044
EID_6335,0.178976081
EID_1317,0.179469136
EID_5575,0.174383285
EID_17433,0.181592895
EID_6238,0.177623369
EID_10734,0.176615824
EID_7661,0.172914955
EID_9281,0.182391559
EID_19259,0.174297334
EID_9544,0.176000581
EID_2572,0.176359553
EID_12706,0.181927994
EID_20500,0.177447643
EID_19258,0.177898831
EID_15915,0.182109475
EID_25265,0.175939693
EID_16567,0.17219555
EID_19553,0.175463279
EID_25403,0.177900796
EID_10354,0.186029542
EID_19522,0.176577497
EID_20132,0.18338895
EID_3363,0.178963791
EID_15253,0.176597317
EID_8368,0.174655333
EID_3883,0.180801775
EID_7323,0.181684956
EID_16203,0.179504161
EID_9080,0.177507666
EID_12266,0.1796152
EID_13777,0.177064094
EID_24876,0.176956936
EID_11961,0.185128502
EID_25871,0.181156549
EID_3563,0.178208389
EID_3377,0.177307921
EID_19924,0.181928768
EID_4070,0.17286669
EID_7727,0.180597464
EID_2253,0.180240665
EID_5056,0.18023091
EID_16751,0.173291164
EID_2105,0.171646311
EID_14078,0.177309784
EID_18779,0.17330147
EID_2218,0.172680436
EID_6130,0.173441373
EID_21722,0.179262743
EID_17748,0.17406833
EID_21322,0.184128317
EID_6016,0.171736656
EID_20480,0.181559866
EID_18843,0.176007798
EID_7336,0.176614189
EID_4455,0.171491256
EID_15206,0.184196553
EID_15582,0.177064778
EID_22381,0.17616733
EID_22606,0.179473985
EID_12159,0.178556042
EID_10027,0.172401487
EID_4107,0.179124254
EID_18932,0.174109547
EID_1321,0.182946526
EID_7759,0.189118703
EID_21961,0.180714335
EID_15289,0.172372394
EID_23069,0.182630187
EID_17187,0.178134031
EID_25372,0.174298324
EID_9787,0.17492074
EID_9797,0.180760316
EID_10831,0.17869914
EID_24620,0.178936245
EID_8715,0.181965293
EID_13459,0.177273848
EID_14031,0.174703803
EID_14541,0.174832521
EID_12395,0.177802813
EID_7150,0.181581987
EID_14422,0.174145331
EID_19060,0.174208125
EID_9338,0.180166236
EID_21042,0.175179007
EID_8011,0.172582867
EID_8102,0.18243429
EID_11068,0.17978258
EID_15461,0.176842081
EID_18509,0.180699953
EID_5796,0.189320584
EID_19905,0.180659733
EID_21609,0.180981991
EID_14873,0.176302684
EID_8033,0.168875462
EID_21354,0.177466782
EID_16377,0.172285291
EID_10566,0.176270289
EID_4791,0.174081584
EID_20944,0.180306011
EID_24913,0.178773124
EID_3868,0.175018673
EID_10611,0.176580052
EID_21702,0.184759859
EID_9472,0.173210544
EID_10746,0.173832579
EID_17717,0.179978436
EID_18535,0.181933083
EID_23706,0.179999651
EID_7039,0.178708854
EID_23797,0.181479493
EID_1574,0.178736414
EID_5931,0.191811804
EID_6468,0.173059105
EID_15805,0.176500242
EID_2988,0.174955747
EID_21966,0.182732619
EID_16571,0.180033714
EID_10082,0.190135339
EID_8359,0.199934124
EID_3200,0.174333721
EID_2206,0.181532025
EID_14234,0.179659126
EID_12498,0.178008109
EID_12009,0.177959145
EID_12486,0.178563485
EID_2679,0.185243159
EID_25329,0.177534032
EID_18268,0.176553672
EID_18253,0.179294767
EID_11915,0.175471362
EID_2503,0.184159476
EID_22110,0.1773992
EID_9344,0.181316303
EID_17568,0.178219604
EID_1445,0.169843629
EID_12971,0.175662077
EID_14129,0.173226156
EID_22888,0.177021069
EID_17510,0.16756579
EID_11722,0.178568312
EID_18542,0.178373681
EID_13158,0.182186618
EID_2810,0.182106095
EID_16559,0.177729042
EID_1124,0.18263734
EID_2137,0.179150482
EID_13145,0.182662097
EID_14181,0.17942042
EID_24695,0.183510487
EID_21367,0.184415034
EID_13213,0.170505414
EID_15852,0.178074154
EID_9531,0.174215373
EID_6197,0.1759898
EID_20012,0.175725182
EID_10381,0.186560801
EID_9136,0.178680309
EID_12063,0.197061137
EID_22318,0.173882808
EID_24047,0.175987992
EID_5834,0.171215361
EID_4763,0.176817046
EID_24096,0.176579729
EID_13825,0.173548389
EID_14326,0.175996254
EID_10111,0.177131646
EID_23362,0.176196231
EID_8682,0.187106644
EID_18727,0.17459633
EID_20725,0.190216072
EID_15976,0.179237235
EID_17626,0.176071109
EID_13302,0.175899209
EID_11333,0.170795755
EID_12305,0.17741257
EID_4987,0.170047674
EID_12132,0.175924615
EID_14163,0.186706898
EID_15666,0.175058586
EID_19257,0.180231606
EID_1591,0.178202803
EID_5610,0.178117689
EID_4835,0.18328804
EID_5060,0.180550368
EID_15897,0.172999132
EID_9771,0.175308663
EID_11486,0.175196969
EID_14583,0.172232777
EID_17832,0.177416398
EID_6876,0.177582832
EID_18560,0.179011134
EID_1091,0.180534663
EID_3837,0.175429522
EID_8508,0.176631223
EID_23640,0.181309805
EID_13280,0.170932994
EID_3352,0.173959266
EID_13404,0.180343036
EID_23565,0.190717367
EID_24526,0.188835822
EID_9254,0.177061263
EID_8916,0.181394744
EID_15227,0.179147202
EID_11672,0.178381751
EID_8926,0.175650192
EID_25125,0.175602671
EID_3170,0.17640444
EID_24612,0.185743272
EID_23932,0.18126732
EID_11554,0.17771209
EID_19854,0.178251829
EID_16362,0.180107893
EID_13195,0.175892957
EID_25559,0.183052901
EID_18526,0.172675429
EID_23226,0.176309737
EID_5873,0.178802479
EID_11286,0.184792578
EID_7573,0.175197931
EID_11669,0.179869001
EID_12639,0.175784121
EID_12309,0.175300957
EID_17566,0.185533843
EID_3644,0.184338298
EID_9921,0.178696137
EID_14703,0.178317609
EID_19366,0.181797506
EID_12449,0.180316948
EID_24591,0.18075803
EID_4698,0.172150504
EID_17657,0.180207098
EID_24446,0.176208115
EID_18528,0.173936305
EID_8868,0.175986324
EID_5820,0.178117215
EID_24215,0.190274339
EID_19176,0.178676015
EID_6578,0.172470337
EID_9672,0.172306242
EID_10702,0.182542244
EID_4741,0.184956029
EID_24067,0.181617299
EID_2416,0.178265054
EID_12089,0.190552569
EID_8392,0.181182263
EID_16766,0.179176104
EID_23137,0.175137048
EID_24704,0.188033829
EID_13184,0.173996246
EID_21642,0.178692212
EID_8050,0.182951662
EID_20432,0.17792961
EID_14456,0.177604595
EID_7769,0.182002825
EID_14077,0.17052924
EID_17805,0.183593882
EID_14927,0.176552703
EID_7995,0.170748711
EID_2297,0.177557441
EID_7960,0.18238121
EID_9481,0.181760526
EID_2781,0.177072031
EID_25571,0.178410108
EID_12462,0.173738533
EID_17761,0.17594709
EID_22310,0.173997935
EID_15161,0.179694185
EID_3361,0.175200552
EID_2166,0.175328859
EID_1515,0.189449305
EID_13787,0.175270743
EID_23496,0.171849488
EID_7820,0.1796915
EID_14433,0.174310967
EID_9405,0.180968007
EID_4195,0.172713102
EID_24190,0.171559
EID_20400,0.178514898
EID_16111,0.179647516
EID_5502,0.175692887
EID_17381,0.180590349
EID_22435,0.17809345
EID_3060,0.167314726
EID_19197,0.179174253
EID_13311,0.179905309
EID_14282,0.173426929
EID_5849,0.17461242
EID_19845,0.177251194
EID_6965,0.179660762
EID_5048,0.180907957
EID_13766,0.176860531
EID_22269,0.178245298
EID_4363,0.173199814
EID_12215,0.171923186
EID_14479,0.177464263
EID_7348,0.177664618
EID_25664,0.178624882
EID_4940,0.181212217
EID_6877,0.183101439
EID_8337,0.177712228
EID_1775,0.173943977
EID_13938,0.172011833
EID_12735,0.173794802
EID_16138,0.183057931
EID_18586,0.178661752
EID_16650,0.18408481
EID_18259,0.177270212
EID_19144,0.179291996
EID_4483,0.181422715
EID_10929,0.179478576
EID_19882,0.176581829
EID_3779,0.183503554
EID_18678,0.177336965
EID_7168,0.174157534
EID_23279,0.176081307
EID_17008,0.17813215
EID_2795,0.180435926
EID_1833,0.174710107
EID_21026,0.19164724
EID_20322,0.179431704
EID_10026,0.176664628
EID_7742,0.176473486
EID_21792,0.17727683
EID_14341,0.174260676
EID_24634,0.17477741
EID_3379,0.172352725
EID_20627,0.18304961
EID_8572,0.171528335
EID_15104,0.183337331
EID_12426,0.18152551
EID_17588,0.175126354
EID_20961,0.177632502
EID_23260,0.182985805
EID_7213,0.174088025
EID_11851,0.179428189
EID_5696,0.182047192
EID_23011,0.173335113
EID_2035,0.181504478
EID_22461,0.181857168
EID_23215,0.186768101
EID_6913,0.176517981
EID_5739,0.177198773
EID_19814,0.178636057
EID_20320,0.167938785
EID_2043,0.176898197
EID_21992,0.182454516
EID_9324,0.177828838
EID_3863,0.178116332
EID_7513,0.175908492
EID_11120,0.180352268
EID_6548,0.170454797
EID_23957,0.180454275
EID_11408,0.182118746
EID_24638,0.178158826
EID_3908,0.169625353
EID_17023,0.179529663
EID_10902,0.171133325
EID_3543,0.174928917
EID_3633,0.197061431
EID_3394,0.180886832
EID_8619,0.180084277
EID_13424,0.179849515
EID_15405,0.180705163
EID_21727,0.185133647
EID_18916,0.174087639
EID_3335,0.180151391
EID_2811,0.170403455
EID_8620,0.18431452
EID_3249,0.173971988
EID_22140,0.180402213
EID_18934,0.180278559
EID_24271,0.171306424
EID_2164,0.172588209
EID_22961,0.183472307
EID_25318,0.185622076
EID_23064,0.176838062
EID_1056,0.174636125
EID_4389,0.181012151
EID_6949,0.175376745
EID_16133,0.175167142
EID_8023,0.181741496
EID_19426,0.173366604
EID_12895,0.176694472
EID_17667,0.175334644
EID_14826,0.177963966
EID_8807,0.190700877
EID_13977,0.186674141
EID_11167,0.180130462
EID_22535,0.180444612
EID_5357,0.180592855
EID_1450,0.182034557
EID_24647,0.18263966
EID_1516,0.184771317
EID_10122,0.178296911
EID_2423,0.180441822
EID_4276,0.176916643
EID_10610,0.176628284
EID_5840,0.181623996
EID_19117,0.174422804
EID_1753,0.177226852
EID_11679,0.180228238
EID_12425,0.175527896
EID_21118,0.188710207
EID_1348,0.180779075
EID_3143,0.176519297
EID_12153,0.177737383
EID_22834,0.173774677
EID_14978,0.176493296
EID_23361,0.183588186
EID_5207,0.175514494
EID_8395,0.173208975
EID_2440,0.180219742
EID_14196,0.18399323
EID_16684,0.182287432
EID_22520,0.180035746
EID_14689,0.180449311
EID_22890,0.179863656
EID_18695,0.177817454
EID_1275,0.1729017
EID_6033,0.182957961
EID_25616,0.172709274
EID_6190,0.172596135
EID_2964,0.177831713
EID_24869,0.174215785
EID_3319,0.168889723
EID_15857,0.178589651
EID_4615,0.184867968
EID_23926,0.173787292
EID_15506,0.181865701
EID_4168,0.174596217
EID_23593,0.187215882
EID_3108,0.178082401
EID_22846,0.174027567
EID_12618,0.177352149
EID_20341,0.172648054
EID_15441,0.17699222
EID_20278,0.174788767
EID_19511,0.178846463
EID_7832,0.176063737
EID_7775,0.191279659
EID_9409,0.175604631
EID_11483,0.173810782
EID_6657,0.187698205
EID_10338,0.182321445
EID_7683,0.189785248
EID_11854,0.164937687
EID_17102,0.17814269
EID_9882,0.176723716
EID_19326,0.177512218
EID_1670,0.179723043
EID_17455,0.174323192
EID_24867,0.179776898
EID_22972,0.189898689
EID_4679,0.16846013
EID_7172,0.184780693
EID_7401,0.182111462
EID_13199,0.179966772
EID_12244,0.169637155
EID_12771,0.174128968
EID_7230,0.18153762
EID_19736,0.175046108
EID_2755,0.176268926
EID_19126,0.174089594
EID_20949,0.172898096
EID_4573,0.178136056
EID_23671,0.176487825
EID_11580,0.176656955
EID_15600,0.180991624
EID_17577,0.174281915
EID_6773,0.172113411
EID_9565,0.177283284
EID_13401,0.177211963
EID_17438,0.176690395
EID_7604,0.178060077
EID_1215,0.182054887
EID_24765,0.171844861
EID_2084,0.177660593
EID_17898,0.179082515
EID_9752,0.177897136
EID_19867,0.176430821
EID_5430,0.176744439
EID_22617,0.177149095
EID_23590,0.172746079
EID_11131,0.181713658
EID_1623,0.182586349
EID_25390,0.178600689
EID_23316,0.17597553
EID_11595,0.177305761
EID_10827,0.188196269
EID_14787,0.177035217
EID_18290,0.178984687
EID_17889,0.177445279
EID_7936,0.176008663
EID_12044,0.171296397
EID_8205,0.178076127
EID_22950,0.176875336
EID_4965,0.174080231
EID_24073,0.178971268
EID_4946,0.185049971
EID_14618,0.174544219
EID_17692,0.174875943
EID_23220,0.18236622
EID_24364,0.176308233
EID_20216,0.177002718
EID_24865,0.174326407
EID_11009,0.176179792
EID_6889,0.177796994
EID_10375,0.173015948
EID_11917,0.177400706
EID_25323,0.177151773
EID_21841,0.178769253
EID_25278,0.172287269
EID_17857,0.168254257
EID_2991,0.17636529
EID_23822,0.179565878
EID_12098,0.174648777
EID_14665,0.171897277
EID_25373,0.171979183
EID_22143,0.186995044
EID_4000,0.188372971
EID_2951,0.178681013
EID_8610,0.173506739
EID_6998,0.179848551
EID_21972,0.175149687
EID_3582,0.179138638
EID_18220,0.185783263
EID_12381,0.1722648
EID_15689,0.182538694
EID_12239,0.176308167
EID_3987,0.175433422
EID_20164,0.184538468
EID_1654,0.178613108
EID_25583,0.173125262
EID_22736,0.172182347
EID_22169,0.185289145
EID_9495,0.175566872
EID_2465,0.194535007
EID_1659,0.177777024
EID_4509,0.183241381
EID_15264,0.184623669
EID_9494,0.178364702
EID_23657,0.17370313
EID_10376,0.182167244
EID_25277,0.179509889
EID_15121,0.171997898
EID_14760,0.1818553
EID_9160,0.178841838
EID_18574,0.174103882
EID_2977,0.174555347
EID_4745,0.184232703
EID_6762,0.177418728
EID_2682,0.179845407
EID_19172,0.179966414
EID_1013,0.175114481
EID_1242,0.176769926
EID_10336,0.182021462
EID_11247,0.179299868
EID_4631,0.184747605
EID_21660,0.174606196
EID_6752,0.173725762
EID_14409,0.177625841
EID_21720,0.174614208
EID_14495,0.182469787
EID_15348,0.170191064
EID_9610,0.181412908
EID_10629,0.17361037
EID_10182,0.17904595
EID_10598,0.18177815
EID_11065,0.181115123
EID_16129,0.180661305
EID_15572,0.178714429
EID_21059,0.178177876
EID_7812,0.181696364
EID_15162,0.177780348
EID_6911,0.17867733
EID_17591,0.181681435
EID_22638,0.176345593
EID_3217,0.179213923
EID_10116,0.179451124
EID_23199,0.178259033
EID_18844,0.181316471
EID_19931,0.178529098
EID_22215,0.180289463
EID_14623,0.172258992
EID_7884,0.18341441
EID_3197,0.181493239
EID_11291,0.177347166
EID_3320,0.17346869
EID_12585,0.182193088
EID_13592,0.176499305
EID_11264,0.18831799
EID_6997,0.177415658
EID_2327,0.17697584
EID_9340,0.177577621
EID_14544,0.180888277
EID_13055,0.177198001
EID_14014,0.178179411
EID_7429,0.175245711
EID_19008,0.176256632
EID_14283,0.176335353
EID_10882,0.179218513
EID_5194,0.171011055
EID_23844,0.177131877
EID_22628,0.179026708
EID_10033,0.17887615
EID_13281,0.183416815
EID_23871,0.17571158
EID_3621,0.170058287
EID_12968,0.169537253
EID_5819,0.179903328
EID_6694,0.180045569
EID_17656,0.174978626
EID_8888,0.183781989
EID_14552,0.180941189
EID_15342,0.17794066
EID_7728,0.192317017
EID_10331,0.18129927
EID_5479,0.183168292
EID_25526,0.167169547
EID_12348,0.175252596
EID_6196,0.171301378
EID_3619,0.1826365
EID_11280,0.180287387
EID_18119,0.182306341
EID_18058,0.182640117
EID_20911,0.179923061
EID_19840,0.175170547
EID_11808,0.173469031
EID_16265,0.18409001
EID_25976,0.178303741
EID_3872,0.184019196
EID_23029,0.175613843
EID_11745,0.1870878
EID_9556,0.181486426
EID_19748,0.174658288
EID_23253,0.178851546
EID_16237,0.182119539
EID_11694,0.180162755
EID_12824,0.176498871
EID_12797,0.177666526
EID_3524,0.170616416
EID_10559,0.172352394
EID_22844,0.181281849
EID_22281,0.1783415
EID_9535,0.174179663
EID_1642,0.179411681
EID_17630,0.174960803
EID_15083,0.177360182
EID_2690,0.178110822
EID_12199,0.176760832
EID_3449,0.174382666
EID_12097,0.181344283
EID_23272,0.172818137
EID_6890,0.185052274
EID_2438,0.181387782
EID_6508,0.183888222
EID_10772,0.175950123
EID_6076,0.180080881
EID_3045,0.181364242
EID_24779,0.170963132
EID_12553,0.17611847
EID_24984,0.16861921
EID_17157,0.180241766
EID_11823,0.170819096
EID_4765,0.178962709
EID_16143,0.178124449
EID_19658,0.174952876
EID_12035,0.17668035
EID_3481,0.180189233
EID_12776,0.182756341
EID_21160,0.177392244
EID_11127,0.176854869
EID_11784,0.170706752
EID_17458,0.174364424
EID_15653,0.178016584
EID_25399,0.171252255
EID_8799,0.16639542
EID_14529,0.171290014
EID_19407,0.174896656
EID_8224,0.177177576
EID_21582,0.175011854
EID_14807,0.175812316
EID_17338,0.173814125
EID_10635,0.178751434
EID_16300,0.181920101
EID_5155,0.174274466
EID_11136,0.173736809
EID_7716,0.190689341
EID_13041,0.177923568
EID_1572,0.181950284
EID_2382,0.176738101
EID_4568,0.179692367
EID_25153,0.180918371
EID_20523,0.173355356
EID_2332,0.189515374
EID_6143,0.177450281
EID_19549,0.171615968
EID_24568,0.181746354
EID_23211,0.172645319
EID_2342,0.182542678
EID_2922,0.173898158
EID_6026,0.183000698
EID_10107,0.177846163
EID_14855,0.17817962
EID_18780,0.17531018
EID_10578,0.176582467
EID_3842,0.172687432
EID_10225,0.180367715
EID_15275,0.17787959
EID_10740,0.178771788
EID_9483,0.17798539
EID_11262,0.179721261
EID_24388,0.179703378
EID_19271,0.17127334
EID_15363,0.180635614
EID_16555,0.180943107
EID_7387,0.179997171
EID_2692,0.175711086
EID_19754,0.186055696
EID_10859,0.173688476
EID_16618,0.178100865
EID_1697,0.173374505
EID_3764,0.172305693
EID_4502,0.179305867
EID_19240,0.176048668
EID_22590,0.183355647
EID_14056,0.181364524
EID_20697,0.179962193
EID_2505,0.176686892
EID_23288,0.173762264
EID_23373,0.181513918
EID_18878,0.179394111
EID_11857,0.177464133
EID_25945,0.178262515
EID_18242,0.184916895
EID_22823,0.177163863
EID_5625,0.18541568
EID_6702,0.183484687
EID_24252,0.184116354
EID_12704,0.168041727
EID_1770,0.167936577
EID_10159,0.186062454
EID_3702,0.177207457
EID_2688,0.17965013
EID_19784,0.184411129
EID_3636,0.178714778
EID_14537,0.175760967
EID_4878,0.167746182
EID_10260,0.180304866
EID_5154,0.174747541
EID_21206,0.177077223
EID_15511,0.174572487
EID_8010,0.182416397
EID_6249,0.173921621
EID_7392,0.17065921
EID_18362,0.174925147
EID_14147,0.172911432
EID_24826,0.173991329
EID_10862,0.175065675
EID_3088,0.174478824
EID_2871,0.179096075
EID_22681,0.183194355
EID_3720,0.175383934
EID_21540,0.17222845
EID_3516,0.181024386
EID_10969,0.180282733
EID_11396,0.17435997
EID_11407,0.183221801
EID_19264,0.175495225
EID_12406,0.177074782
EID_19440,0.177471504
EID_22729,0.177693302
EID_21143,0.177719633
EID_19936,0.188200451
EID_13997,0.174209218
EID_15533,0.178459637
EID_22065,0.172431824
EID_6600,0.177051139
EID_15316,0.173398883
EID_10721,0.177656816
EID_20630,0.173702082
EID_17720,0.186345774
EID_7692,0.184708579
EID_25004,0.181855763
EID_1804,0.178902328
EID_25207,0.176367362
EID_7638,0.185358564
EID_8179,0.170457051
EID_23406,0.176707068
EID_19285,0.175567305
EID_15333,0.174463184
EID_9685,0.188857215
EID_15725,0.175519484
EID_8302,0.171584457
EID_10726,0.179307601
EID_6168,0.185696642
EID_16711,0.177070328
EID_24881,0.170979311
EID_15281,0.170222796
EID_17428,0.173092964
EID_2814,0.176811851
EID_8717,0.184294267
EID_4395,0.17330691
EID_22871,0.175388395
EID_22152,0.17071219
EID_23649,0.176999292
EID_24748,0.181166666
EID_25426,0.185035744
EID_13986,0.180408305
EID_19704,0.182053973
EID_15554,0.175868513
EID_23100,0.177768677
EID_25408,0.180250691
EID_15870,0.181813715
EID_4048,0.177503985
EID_12712,0.181310655
EID_1937,0.174411675
EID_14246,0.180133688
EID_2569,0.175954584
EID_6228,0.177516304
EID_21309,0.17415311
EID_16971,0.168510387
EID_25273,0.177817839
EID_8968,0.176112767
EID_21475,0.182493896
EID_1982,0.171417292
EID_23627,0.179946892
EID_14209,0.176627001
EID_22365,0.175377766
EID_21031,0.190230881
EID_16883,0.182224657
EID_15734,0.186480933
EID_20840,0.182960831
EID_20792,0.179101478
EID_2652,0.176648596
EID_3079,0.179107885
EID_1425,0.17698104
EID_17271,0.175701153
EID_22724,0.18186884
EID_23964,0.187328595
EID_9333,0.189089262
EID_12374,0.178612356
EID_25107,0.175071121
EID_22869,0.189893209
EID_18753,0.180640939
EID_16805,0.177500539
EID_19994,0.180799705
EID_3004,0.177049173
EID_12616,0.183746221
EID_6090,0.187619258
EID_3303,0.180585389
EID_9435,0.185411616
EID_1838,0.177141778
EID_15681,0.1823098
EID_17496,0.174222078
EID_8456,0.178992486
EID_23174,0.173191764
EID_8285,0.179223945
EID_6547,0.181849088
EID_23648,0.194033772
EID_7958,0.191545949
EID_19299,0.183141329
EID_8699,0.181365723
EID_14528,0.176431345
EID_23167,0.17720673
EID_25289,0.178797808
EID_12802,0.185187262
EID_15986,0.178060999
EID_3609,0.184493749
EID_2045,0.167443197
EID_1788,0.174498947
EID_22630,0.180678153
EID_10542,0.173234015
EID_13101,0.184269949
EID_5159,0.178702232
EID_18490,0.178058902
EID_25693,0.182009218
EID_20514,0.184979343
EID_3713,0.174504183
EID_11193,0.173833186
EID_6052,0.180224499
EID_6986,0.173036317
EID_9104,0.182446802
EID_23058,0.176306264
EID_3156,0.183838473
EID_17660,0.177389217
EID_17514,0.184485936
EID_15370,0.170904839
EID_12207,0.169934795
EID_7351,0.178011327
EID_24727,0.183028687
EID_6356,0.177017469
EID_15421,0.175715438
EID_11772,0.181553001
EID_14071,0.175295891
EID_16359,0.182164208
EID_16919,0.190561323
EID_21496,0.174166273
EID_10564,0.173952774
EID_3773,0.179353343
EID_9484,0.1847705
EID_13601,0.173669332
EID_13843,0.1728709
EID_8774,0.170161951
EID_7542,0.174997147
EID_3388,0.173974222
EID_17949,0.178837523
EID_1815,0.17646381
EID_10479,0.181659149
EID_10722,0.173860786
EID_3427,0.178999132
EID_18205,0.176154965
EID_21650,0.186883518
EID_23124,0.173926143
EID_4294,0.178775464
EID_13366,0.179564794
EID_13957,0.176642887
EID_3578,0.177266743
EID_24105,0.177703476
EID_13186,0.180002052
EID_24214,0.176780394
EID_17251,0.181757481
EID_23225,0.177950166
EID_2152,0.179928703
EID_10625,0.186530371
EID_2044,0.175711388
EID_7201,0.178890604
EID_2405,0.178724304
EID_22716,0.175043815
EID_22728,0.176499889
EID_21251,0.179194346
EID_6915,0.17727912
EID_14744,0.168583409
EID_15814,0.176748792
EID_6659,0.175064032
EID_10991,0.172582263
EID_6500,0.181718765
EID_19121,0.171786818
EID_6278,0.176929894
EID_13236,0.187126868
EID_5382,0.175930218
EID_6871,0.178666674
EID_5012,0.177916715
EID_1268,0.180667118
EID_6588,0.176150105
EID_22163,0.175542093
EID_11121,0.172746859
EID_22615,0.180129917
EID_7838,0.172870885
EID_3344,0.175064764
EID_25292,0.179521816
EID_10730,0.176126611
EID_10317,0.189134148
EID_13443,0.183166787
EID_10988,0.178841808
EID_23091,0.171292847
EID_1839,0.176337805
EID_13892,0.182290726
EID_1496,0.176607978
EID_15045,0.181816069
EID_3744,0.170295671
EID_13010,0.17066868
EID_9716,0.179936726
EID_2993,0.173683493
EID_23435,0.177807476
EID_8587,0.17627603
EID_22132,0.178474897
EID_21413,0.177988393
EID_11881,0.176929691
EID_19850,0.183654418
EID_18460,0.174854585
EID_17983,0.179881559
EID_14888,0.181004927
EID_14002,0.172214332
EID_13524,0.17281462
EID_4049,0.178086034
EID_6535,0.180003586
EID_10557,0.179861353
EID_1313,0.179936378
EID_12424,0.176920763
EID_8210,0.172152908
EID_22378,0.183564422
EID_19644,0.176381356
EID_8790,0.17513507
EID_5778,0.177955988
EID_23887,0.178169986
EID_16103,0.177882887
EID_20604,0.183403139
EID_17378,0.180167253
EID_5566,0.183808339
EID_24264,0.175440444
EID_7814,0.177401327
EID_1968,0.170087876
EID_10282,0.180073112
EID_13648,0.177065653
EID_22376,0.173230293
EID_3690,0.176251205
EID_17871,0.176612155
EID_19167,0.176814419
EID_5366,0.17952386
EID_16996,0.190900602
EID_1953,0.168100463
EID_8760,0.177270497
EID_20448,0.177906369
EID_15787,0.176585349
EID_18982,0.180782984
EID_4388,0.175363434
EID_22325,0.177287619
EID_10189,0.176278385
EID_21162,0.167739295
EID_1032,0.176630777
EID_12045,0.178494138
EID_18324,0.178237039
EID_15085,0.186306159
EID_21927,0.171745149
EID_13325,0.177915738
EID_17801,0.177112368
EID_7678,0.176176699
EID_17469,0.18130854
EID_14318,0.182176074
EID_16439,0.182997053
EID_2307,0.178521641
EID_20011,0.179970757
EID_19381,0.175463043
EID_14043,0.189532455
EID_14774,0.183079296
EID_22982,0.175452604
EID_19092,0.177976129
EID_13137,0.179061267
EID_5738,0.187302425
EID_19661,0.17346492
EID_22570,0.19068223
EID_16393,0.18002192
EID_4256,0.178113811
EID_17873,0.181018467
EID_13832,0.184437378
EID_17617,0.179830399
EID_3106,0.173030828
EID_6567,0.170096689
EID_4727,0.170412262
EID_14518,0.178291498
EID_1070,0.17282084
EID_19385,0.175964374
EID_20032,0.183853532
EID_11714,0.176700526
EID_23636,0.177343779
EID_1985,0.17104113
EID_5627,0.183036906
EID_15171,0.17303862
EID_8811,0.182264207
EID_2163,0.175159516
EID_8459,0.175025472
EID_18138,0.17706483
EID_17518,0.172750325
EID_17432,0.171910816
EID_25686,0.179395378
EID_2470,0.187333098
EID_16311,0.177229258
EID_6903,0.180143178
EID_11990,0.180340267
EID_23460,0.175005404
EID_25924,0.176919947
EID_13985,0.184164912
EID_5455,0.181420882
EID_13427,0.175218117
EID_24855,0.172698914
EID_15532,0.172955729
EID_8953,0.17743719
EID_22683,0.174062959
EID_22493,0.174652445
EID_1451,0.182906594
EID_20796,0.16854854
EID_17281,0.176716334
EID_7767,0.174800696
EID_20838,0.181362085
EID_17235,0.180160141
EID_21615,0.176686027
EID_6972,0.179067118
EID_13930,0.180600486
EID_4188,0.167491923
EID_11277,0.175922454
EID_18053,0.174822219
EID_11288,0.18797545
EID_1148,0.174237931
EID_19216,0.173751157
EID_7660,0.168862029
EID_22805,0.181979313
EID_11931,0.171572999
EID_16921,0.179394106
EID_4993,0.180883177
EID_18070,0.181671947
EID_15648,0.18164387
EID_11404,0.17643259
EID_14248,0.176207425
EID_15424,0.186761531
EID_8039,0.181790405
EID_7094,0.18073496
EID_13161,0.177960983
EID_9293,0.177210127
EID_4351,0.180003603
EID_17259,0.184688992
EID_2681,0.17747571
EID_22123,0.17453666
EID_8528,0.180055076
EID_11798,0.179232448
EID_20265,0.184119973
EID_21396,0.170124178
EID_12220,0.172270867
EID_25722,0.178663028
EID_21719,0.179220003
EID_3506,0.175433157
EID_2139,0.173716193
EID_6562,0.175177823
EID_4353,0.171655534
EID_24392,0.174078822
EID_11238,0.178423534
EID_20617,0.175142275
EID_21473,0.185359999
EID_16837,0.174689398
EID_1800,0.175703594
EID_25849,0.198196644
EID_9395,0.18131185
EID_2415,0.172431535
EID_9286,0.173170766
EID_5081,0.187971172
EID_22546,0.182058593
EID_11932,0.173749956
EID_16292,0.179506118
EID_17882,0.172950453
EID_20889,0.174589026
EID_10031,0.178129886
EID_21576,0.17715991
EID_8256,0.180142433
EID_2614,0.176005498
EID_2098,0.175773102
EID_10242,0.176972099
EID_21993,0.175567868
EID_22664,0.179233594
EID_1919,0.193274394
EID_11629,0.17769232
EID_6840,0.178070774
EID_25493,0.171989221
EID_14968,0.176471116
EID_25313,0.178948684
EID_8035,0.176989205
EID_8969,0.177681786
EID_15223,0.178003605
EID_6266,0.172927199
EID_8184,0.176492657
EID_19480,0.181224156
EID_19076,0.178336082
EID_16339,0.187682989
EID_7963,0.177802761
EID_17427,0.183267927
EID_12641,0.174621648
EID_4122,0.180297711
EID_23659,0.176074093
EID_13486,0.185283617
EID_18423,0.176310348
EID_2181,0.175564054
EID_25490,0.172813224
EID_9211,0.176772967
EID_5237,0.183975192
EID_2418,0.174338795
EID_17716,0.177502978
EID_13837,0.176688721
EID_2840,0.181169234
EID_13004,0.176557257
EID_14429,0.179377358
EID_18915,0.179662743
EID_22415,0.178729288
EID_4304,0.177444659
EID_10753,0.180181917
EID_22612,0.177644731
EID_1857,0.180946985
EID_3566,0.185705192
EID_8545,0.174455622
EID_21685,0.177522206
EID_9946,0.174308949
EID_20447,0.179301458
EID_3887,0.171188131
EID_8351,0.168135321
EID_23889,0.174830151
EID_8248,0.176723295
EID_16621,0.178243304
EID_25138,0.179573273
EID_10004,0.178619042
EID_5522,0.182766595
EID_23416,0.182029282
EID_14897,0.177901026
EID_10840,0.177622218
EID_21716,0.174203257
EID_18484,0.172120717
EID_7402,0.175935302
EID_24854,0.179542466
EID_1610,0.176101431
EID_17592,0.181408265
EID_22128,0.180478315
EID_17304,0.168610824
EID_1508,0.179932972
EID_20492,0.173660874
EID_2324,0.176762452
EID_17093,0.1748462
EID_23356,0.175325835
EID_17895,0.182250946
EID_8186,0.17041641
EID_19358,0.176283191
EID_6030,0.202339717
EID_17457,0.172259113
EID_14976,0.17545521
EID_8914,0.175609998
EID_5721,0.17316379
EID_11266,0.173163157
EID_17012,0.176599146
EID_7554,0.18369294
EID_3087,0.167138919
EID_19716,0.178552844
EID_21723,0.179949979
EID_13072,0.179251611
EID_9776,0.173080306
EID_25927,0.1743688
EID_5593,0.178303998
EID_13954,0.174489983
EID_16034,0.180994844
EID_1719,0.180610984
EID_23054,0.175445604
EID_15591,0.183558186
EID_5178,0.176991454
EID_24346,0.179060986
EID_21264,0.179917436
EID_3292,0.178572272
EID_14975,0.181818612
EID_9165,0.17607686
EID_23369,0.177622157
EID_18767,0.171647131
EID_10153,0.174520883
EID_2542,0.180707473
EID_23826,0.16947918
EID_20391,0.175306005
EID_8633,0.178468055
EID_5875,0.176878458
EID_12699,0.17874278
EID_12982,0.176985777
EID_16392,0.180534665
EID_8185,0.173455939
EID_15462,0.176467629
EID_4853,0.177089329
EID_17622,0.188319751
EID_23074,0.179973844
EID_6390,0.173615244
EID_24539,0.176529517
EID_12963,0.176189077
EID_8649,0.180064054
EID_11810,0.179435004
EID_3598,0.185149222
EID_13511,0.179919964
EID_16014,0.173429968
EID_24791,0.186378866
EID_3417,0.180372879
EID_24668,0.176756174
EID_4508,0.184396688
EID_25150,0.174746169
EID_25934,0.174760876
EID_6308,0.175568754
EID_10508,0.170364321
EID_18724,0.175084102
EID_10536,0.171750881
EID_18738,0.1803548
EID_15949,0.177100337
EID_20722,0.177899718
EID_14963,0.176366811
EID_6682,0.174101175
EID_8365,0.17459913
EID_17999,0.16868211
EID_24499,0.177679712
EID_20389,0.171895858
EID_12123,0.184126093
EID_19203,0.180998278
EID_3538,0.173833763
EID_19811,0.177284186
EID_11473,0.171499454
EID_3032,0.173818976
EID_8419,0.17225931
EID_9052,0.168121379
EID_15837,0.173285559
EID_6644,0.178331492
EID_16894,0.179797966
EID_10552,0.181121697
EID_14750,0.184305958
EID_16659,0.180039689
EID_4472,0.172882949
EID_4076,0.174133312
EID_5163,0.177564302
EID_25923,0.181565248
EID_24806,0.168156125
EID_3742,0.175031163
EID_19722,0.179205818
EID_18033,0.1713616
EID_16718,0.174295027
EID_13182,0.178502951
EID_23021,0.174666023
EID_20329,0.174388604
EID_8770,0.171500514
EID_11234,0.170235105
EID_18881,0.180533825
EID_1365,0.173739474
EID_19318,0.175679771
EID_19343,0.182505899
EID_4435,0.181793245
EID_22102,0.175426983
EID_24095,0.174745788
EID_9897,0.181076764
EID_21635,0.180018258
EID_16514,0.184079765
EID_1997,0.185495953
EID_10324,0.181794705
EID_6487,0.174970639
EID_21197,0.17489143
EID_19082,0.182570851
EID_17562,0.178078373
EID_8738,0.18085856
EID_13687,0.182703011
EID_19572,0.178454777
EID_24909,0.185805439
EID_21814,0.175522284
EID_12083,0.179554459
EID_25919,0.179740117
EID_19140,0.173011829
EID_23924,0.1714387
EID_1208,0.184492121
EID_18170,0.175695551
EID_18699,0.173203679
EID_1318,0.176573071
EID_14941,0.179314132
EID_6540,0.178229548
EID_20936,0.170950902
EID_9705,0.174420669
EID_24181,0.176692487
EID_22138,0.166660642
EID_23044,0.183275814
EID_9038,0.18163753
EID_3247,0.180035031
EID_19630,0.178197992
EID_8655,0.177679389
EID_10423,0.176407209
EID_3946,0.17423814
EID_16512,0.171935752
EID_12473,0.172712831
EID_11571,0.179726828
EID_14381,0.1789563
EID_12675,0.171337044
EID_1930,0.173218762
EID_20155,0.176297287
EID_22902,0.174600712
EID_24145,0.182157977
EID_5342,0.177977692
EID_8334,0.174997966
EID_25708,0.178351844
EID_19991,0.178363364
EID_5499,0.171562822
EID_5953,0.176683458
EID_7444,0.176709079
EID_6218,0.187887956
EID_12891,0.181125794
EID_16456,0.170157096
EID_20256,0.17505068
EID_9959,0.180826153
EID_8845,0.180495759
EID_1662,0.178705755
EID_8739,0.170950914
EID_20695,0.18102552
EID_19446,0.177417906
EID_12441,0.18231065
EID_13066,0.182964718
EID_8911,0.169603735
EID_22200,0.181062313
EID_9689,0.175312234
EID_1668,0.169809963
EID_8120,0.171376302
EID_22777,0.175505616
EID_19141,0.171341886
EID_22674,0.175166286
EID_16121,0.177475306
EID_14662,0.176983364
EID_23290,0.177182921
EID_20144,0.178911692
EID_23052,0.178951094
EID_25575,0.180488487
EID_23724,0.177922984
EID_14759,0.18701089
EID_25209,0.177789763
EID_17753,0.175595437
EID_4693,0.180007289
EID_17284,0.178098913
EID_9131,0.180871059
EID_24625,0.177510862
EID_24912,0.18131835
EID_19612,0.172311225
EID_9147,0.175886887
EID_6891,0.176535899
EID_10639,0.176578096
EID_5880,0.177992132
EID_22547,0.185427102
EID_10066,0.190582088
EID_7126,0.180049773
EID_4929,0.176306672
EID_24750,0.196751464
