id,cover_type
6376,5
8962,7
7122,5
931,5
3678,6
2932,3
11892,2
7604,7
13327,6
1915,7
14479,7
1929,6
6179,6
4916,7
13471,6
5904,4
10453,7
4066,5
14675,7
368,1
6328,4
10040,1
7822,7
14341,7
415,1
11004,6
8458,5
12556,5
12623,4
6037,6
14306,1
3121,4
2288,2
4859,1
6158,6
2386,5
13015,4
10422,7
13587,5
10179,7
4784,4
14201,6
9067,7
10682,1
9593,7
642,5
12253,7
3168,4
10637,1
7299,5
578,2
2994,7
7376,5
4627,5
7392,6
11611,2
1733,5
11327,3
8456,2
2817,5
6518,3
10753,6
10822,3
13181,6
12402,3
608,5
12094,6
11491,2
7041,1
7354,1
13455,2
7475,1
13091,4
841,2
6546,3
13013,6
13928,6
727,2
12709,4
147,2
6300,6
13825,3
13696,5
3706,4
14403,7
4156,4
14752,2
10951,3
10436,7
12958,6
7081,5
6741,1
7465,6
10363,1
12049,4
12231,3
10458,7
10953,3
11359,5
7648,5
13057,4
12439,4
12048,3
2312,6
665,1
5292,5
9367,7
1674,7
9348,7
6273,4
9373,7
4844,6
3661,4
12096,5
167,1
13115,3
12910,6
1109,2
1656,7
5639,6
13161,3
10277,2
8736,6
9387,1
2172,2
14245,1
8827,5
2307,5
6968,6
6064,6
2004,5
2476,2
15094,6
7432,7
7225,3
8627,7
12495,4
14085,2
9724,7
3120,3
2100,1
11820,5
14264,2
114,2
5895,6
10956,6
14738,1
13867,7
1725,2
2221,5
6403,2
4618,4
3079,7
3316,5
11804,1
3256,4
2418,5
2518,3
4605,4
3978,5
11097,3
3534,4
7781,2
7015,1
5601,4
4131,4
5349,4
12037,7
3135,4
8378,5
10897,6
15120,3
10740,3
6426,5
6483,2
9723,1
12934,4
14640,1
866,5
5286,6
1095,2
2799,5
13675,5
7991,7
11490,2
1566,1
1873,3
1443,1
4147,4
5760,2
2552,3
9240,7
2151,6
5866,3
1479,1
9467,1
4663,3
12051,4
7029,5
5448,4
5878,4
13489,3
1324,1
2316,5
10460,1
8482,1
7300,3
3326,4
12380,4
6597,3
4117,5
12440,4
8730,1
13000,6
11811,5
7750,3
12073,2
6565,5
2896,3
3972,4
575,2
7915,5
4030,4
12777,3
11373,2
2416,5
14396,7
13342,4
7482,6
14529,7
983,2
7634,2
12220,4
11651,1
594,2
9352,7
2184,4
13536,5
8047,7
1761,7
4951,6
10003,7
3460,3
2918,1
13129,4
1344,1
9049,2
9851,7
4193,4
810,2
15099,3
8553,3
5568,4
10021,7
13236,4
11882,5
14788,7
394,5
3896,4
6902,5
11901,7
9750,1
2185,4
5913,4
13164,3
8195,1
12656,4
10872,3
8669,5
9098,7
410,2
7198,7
7275,7
4658,3
9586,7
11725,7
8004,1
10379,7
128,2
10524,2
2147,7
3519,4
4578,4
6953,5
4537,4
4164,5
7620,6
11349,2
10494,7
13715,3
2258,5
7506,5
4465,5
1794,5
9720,7
2681,3
14565,7
3449,5
344,2
13423,1
7409,6
8102,3
13863,3
174,2
4893,4
13442,4
6660,5
13335,6
4574,4
14467,1
3837,3
3745,3
8180,5
2675,4
14449,7
703,1
10709,6
4642,3
3735,4
5456,6
526,2
11269,3
13109,6
3643,3
1299,2
2417,5
8052,5
1753,1
4887,4
3391,4
10054,1
757,1
9096,7
4289,4
11893,5
1210,5
11412,1
12979,4
3116,4
478,2
433,2
8030,1
2106,6
9193,7
1229,5
815,2
8757,1
9358,7
14063,7
12654,5
11793,5
3320,5
885,1
11074,6
5787,6
14688,7
14094,1
1582,5
6363,2
12435,4
14625,1
12426,4
13656,6
8471,2
14643,1
2742,3
566,2
10113,7
13855,3
7609,7
1816,1
3755,4
12390,3
14075,1
8139,5
7492,1
11411,2
10387,7
12722,6
6015,6
9498,7
13212,5
1174,5
11709,1
1016,2
825,2
12353,4
6302,4
9226,7
12922,6
13072,6
9603,1
10738,6
10129,5
6917,1
9788,7
2425,3
14238,6
8851,1
9010,1
6729,6
10430,1
11678,7
14240,5
3952,3
1456,5
5019,3
11706,1
21,5
346,2
11177,6
3197,4
6293,6
2495,5
7514,5
13828,3
8158,7
10269,1
14315,1
12613,4
168,2
6208,6
3695,4
5310,4
12432,2
3966,4
13991,3
13742,7
12573,4
12286,6
7345,2
97,1
3724,4
8000,6
7406,5
10163,7
8890,1
6527,5
7456,3
3520,4
5561,6
8761,1
3787,3
11137,3
2385,6
3290,4
5727,6
5011,6
13823,5
3632,5
8547,5
2848,3
2345,6
5862,7
10207,7
9021,7
3294,4
10181,1
5178,4
281,1
14930,6
14764,1
1631,5
9707,2
6847,3
11862,1
5556,1
2610,5
770,2
1084,1
11595,2
11492,2
5169,3
13977,7
397,5
5526,6
12640,4
13255,3
6838,3
12488,6
6914,7
4696,4
5609,6
14992,6
5067,4
10661,6
14916,3
9492,1
3472,4
12258,6
12678,1
4263,2
6145,6
3962,4
2587,5
1241,5
7946,1
15108,3
8363,3
15011,6
9086,7
11827,1
7963,6
2887,4
3772,4
11991,1
9582,7
695,5
580,2
3298,4
9375,1
6431,6
11405,2
4861,2
2946,4
8119,2
354,2
1018,1
10877,6
12201,2
2372,5
2813,6
135,2
1956,6
10486,7
13601,3
13633,3
13308,3
1520,5
5054,3
2503,3
5458,6
9879,7
8464,1
11374,2
12482,2
14170,7
2568,5
2893,3
9702,2
14069,7
1397,5
7192,6
13074,4
1755,5
1739,1
10136,7
8090,1
6092,6
13880,3
4257,4
6134,6
5592,4
3566,4
14572,7
9264,7
9160,1
10938,6
3621,4
8192,1
10245,7
11763,5
7058,7
5771,4
7095,3
13680,5
12017,5
766,2
7984,5
9254,1
7704,1
1213,2
13470,5
6547,7
12909,4
7743,5
11340,3
9687,7
14248,5
11436,2
15060,6
4904,6
1067,1
15039,3
11945,5
9570,7
6292,4
5265,4
2429,4
11715,5
10622,1
9077,7
14454,7
8231,5
6347,6
7616,6
9288,7
7468,3
7737,6
5890,6
1727,7
6043,1
9457,1
11090,3
3997,3
1137,1
2216,4
4441,4
3858,4
5465,5
3932,4
10066,1
7019,5
14971,3
8161,7
6832,5
11236,3
14455,7
971,5
2691,3
4514,5
8331,2
1126,1
11713,2
14295,2
12878,6
4944,3
11848,1
5099,3
8007,7
13116,6
11226,3
14715,1
4667,3
7402,3
7328,7
9485,7
13900,5
2501,6
7306,2
4053,4
11134,6
10561,1
13106,4
7064,1
14518,7
4100,3
2894,3
1335,1
11963,5
11516,2
14433,7
4504,6
13243,6
3113,5
6214,6
5665,3
11169,3
10464,7
3832,4
12180,3
8148,3
14390,7
5943,6
11160,6
9583,7
2696,4
3802,4
68,2
5149,6
2615,3
2323,2
11601,2
9384,7
9874,7
14781,1
3700,4
14615,7
12795,4
9413,7
5443,4
12303,2
4036,4
6438,2
13420,6
2133,7
12615,6
5403,4
8686,1
10330,7
2943,4
5482,4
14683,7
10744,6
1747,1
8150,6
13055,4
14913,6
10298,7
2562,7
10742,3
4753,4
7644,1
12692,3
10421,7
10184,7
9429,7
8443,3
3707,4
5133,6
2246,6
12401,4
10091,7
13311,7
14492,7
9769,1
14459,7
1446,5
12662,4
2962,4
2371,5
6454,5
12610,4
8843,1
11051,3
14229,1
12165,6
3322,4
5527,6
11312,6
8641,5
6018,6
9182,1
3937,4
15028,3
13837,6
1512,1
11250,3
11100,3
13107,4
10912,3
9938,7
13141,6
3913,4
4432,4
9173,7
13812,7
1659,5
984,5
298,2
7035,5
9619,1
9864,1
6522,2
4436,4
14547,7
9459,2
6904,5
11438,2
8870,1
6639,7
5480,4
8991,1
3814,7
5053,6
2272,6
9956,2
11478,5
14618,7
12828,4
11733,1
12633,4
12587,4
234,2
1249,5
8339,5
12543,4
646,2
8035,5
5714,6
2122,6
12926,6
1698,1
12141,3
8541,7
2747,3
12506,3
11588,2
9340,1
8354,5
13185,7
14446,7
6629,7
848,5
11599,2
1804,2
3559,4
13911,6
8039,1
9810,2
12060,4
4306,4
13514,5
13782,5
4201,4
2834,7
2066,6
570,1
2639,5
12078,5
3575,4
1191,5
13657,7
14681,7
12398,4
5093,3
12252,4
6797,6
11132,3
3007,3
3945,4
1661,5
10331,7
14601,7
8336,1
14723,1
5370,4
11716,1
12716,4
14685,7
13364,6
2375,5
13418,6
1515,5
4297,4
4968,4
12173,6
5332,3
2241,5
12262,3
10824,3
1573,2
11116,3
13092,4
11402,2
1681,7
10361,7
11383,1
9731,7
3717,2
11302,6
10498,7
5427,7
13020,4
5502,3
9072,1
4546,4
3238,4
6361,6
11448,1
14115,3
13253,2
2040,4
10553,1
2753,5
10414,1
5874,3
12784,4
7734,6
764,2
14330,1
12392,3
12505,4
12540,5
7453,6
14898,6
7919,7
628,5
14873,6
2819,3
7398,1
10908,3
1252,5
861,5
4471,5
9134,1
11752,5
8928,7
3894,4
9293,7
4208,7
3444,4
374,2
6578,7
6128,4
8100,2
8913,5
13603,3
6694,1
14750,7
11375,2
13011,3
13035,4
1851,1
12578,4
12718,6
11659,2
2809,3
2877,5
11216,3
11833,7
11029,3
2374,5
6205,6
970,5
3302,4
2480,3
14114,3
14546,7
9186,7
12463,4
370,2
10946,3
11861,2
2023,6
6558,7
52,2
3172,4
14155,3
5233,6
6754,6
4758,6
8617,3
5698,3
14237,5
8446,3
4234,4
1044,1
13853,5
2202,6
3119,3
1318,5
10132,1
4509,4
1713,7
3485,4
11415,1
6223,5
11514,1
7478,7
2660,5
11198,3
6534,2
14184,1
2783,6
13555,4
7030,5
9914,7
639,2
4011,4
818,5
2435,5
12397,4
2613,2
12410,4
9555,7
5395,6
11652,5
8901,7
5980,6
6024,3
6290,3
9606,7
12650,6
10499,7
2592,2
7717,6
4443,4
4641,4
3402,5
3589,1
6110,6
8340,5
5914,3
2087,5
1793,5
9656,7
10517,7
1286,5
12227,5
13188,4
11011,3
9517,2
10716,6
1838,3
3765,4
9418,7
2039,3
12813,4
3682,7
9123,7
14206,5
2223,6
14943,3
11420,2
14934,6
7645,7
8791,6
678,5
5842,3
1633,5
1695,7
13745,7
14483,1
10735,2
13965,2
5048,3
12219,3
14429,1
13608,5
11710,1
741,2
6004,6
9521,7
12448,4
13709,6
5069,4
1715,7
10950,6
6606,1
10615,2
8777,6
10997,6
13614,5
2322,3
13431,6
4705,4
10122,7
4943,3
4958,4
10522,1
4375,1
8262,5
5289,1
2563,5
5105,4
337,1
5359,5
8403,5
14304,1
4160,3
2398,5
13282,3
3867,4
9312,7
2041,7
12092,4
7234,5
2333,6
8880,2
7273,7
13406,6
1742,5
9605,7
4903,6
14745,1
13907,7
4259,6
8418,7
6144,6
6467,5
12710,4
11171,3
9936,1
13105,4
10463,7
2905,6
7241,6
9055,7
13123,3
5360,2
9940,7
2560,6
1061,2
12215,5
4020,4
14982,3
4607,4
7525,1
9133,1
11317,3
2670,4
5772,6
9136,1
618,2
9948,5
8224,7
10596,1
1135,1
13790,3
2829,3
13749,3
14581,1
1616,5
12331,2
7046,5
8465,5
7258,3
3306,4
11667,2
4411,6
3828,4
11320,3
14500,1
7851,7
2428,4
3902,4
12131,5
15103,6
7397,7
5656,3
1175,1
8925,1
3677,6
1823,5
12863,3
6384,2
7752,6
3988,4
6513,5
8546,5
13562,5
8067,5
10190,7
10595,2
14259,1
1083,1
4172,4
15105,3
1833,1
2197,6
2488,4
66,5
398,5
9101,7
9955,1
6659,5
5627,6
12663,4
14874,1
7780,7
12461,6
1913,7
13217,6
6394,6
7050,5
11460,2
13930,3
8330,1
592,2
12136,5
6337,4
8959,1
11648,5
468,2
13909,5
10555,1
5303,4
7259,6
2822,3
5043,7
6507,6
4963,6
7265,6
9566,7
10146,1
5877,6
2913,3
11954,3
4523,5
8531,1
12466,4
10957,6
9239,7
249,2
9854,7
9235,7
1626,1
8518,2
10974,3
4814,3
11531,2
6933,6
14003,1
3186,5
4355,3
7450,5
8147,2
14850,1
13266,6
8143,7
5189,4
9442,7
3903,4
6372,7
13597,2
4210,5
4380,5
14856,1
15034,3
10380,7
12821,4
11857,5
12066,5
275,2
283,2
8457,5
14734,1
2875,1
10158,1
1086,1
12758,4
11576,2
1131,1
1632,1
9364,7
161,1
12265,5
2055,3
5851,4
11404,2
12101,6
5230,6
14897,3
3226,5
2269,3
2082,3
5688,7
1345,2
4845,6
6515,5
13472,1
4554,4
4098,4
13772,3
1967,5
14060,7
7010,6
9579,1
10452,7
2314,6
14284,1
12349,6
2869,6
12635,4
3922,4
9142,7
8075,1
8320,2
1517,1
6080,4
10714,5
14649,1
12478,3
6871,5
2387,5
12760,3
6893,5
11058,6
9861,7
5078,6
13712,7
5275,6
13717,1
11183,6
3709,3
9597,1
11902,5
7690,5
8407,3
13702,3
12012,1
13596,1
10701,6
5064,4
5849,6
2925,4
4716,5
11699,2
12801,4
8321,5
803,2
7171,5
7218,5
12002,2
14813,1
2405,6
3768,4
3795,4
1490,1
12607,3
9907,7
12525,6
7057,3
1349,1
9828,7
6131,6
10911,3
12454,5
1902,6
1123,2
7533,6
11836,5
1904,6
7597,6
1998,4
4025,5
3325,3
14014,7
3234,4
7857,7
13645,1
3339,4
5086,7
10455,7
3552,4
14754,7
12043,7
3644,3
4750,4
1871,3
2248,3
7105,3
637,2
5770,6
13158,1
3565,4
8425,5
8932,1
8678,5
8623,1
14222,1
11476,1
660,2
11573,2
7125,3
9482,7
7094,3
10849,2
4023,3
9884,1
10816,3
4265,5
432,2
6746,5
5136,3
14536,1
2437,5
9757,7
8265,2
11286,6
186,1
2779,3
11497,2
6488,6
8555,6
9409,7
9988,5
14097,2
1008,2
1151,2
2595,3
10251,7
3961,4
11956,7
13725,7
11541,1
11088,6
2549,6
201,2
14957,6
5693,3
8424,5
8430,6
1815,5
14807,7
457,2
3920,4
6635,5
14860,3
12208,3
10545,1
3602,4
13360,6
15069,3
9380,7
13314,6
15085,6
881,2
5080,6
4279,4
11021,6
732,2
7814,7
15097,6
10650,3
985,1
3999,4
12838,5
7973,1
6620,2
8394,1
9369,7
10093,5
2208,5
7245,1
9000,1
4429,4
12664,4
2975,3
9614,7
11291,6
4975,4
11506,5
2442,5
10624,1
10229,2
10855,3
9975,7
6563,1
7396,7
11050,3
4323,5
720,2
3187,5
11869,1
8213,2
9320,1
6008,3
6416,5
2738,3
5654,6
7741,1
9292,7
4512,5
7707,7
1326,5
4308,3
8660,5
11850,2
4455,4
2420,5
14279,5
9405,7
5374,4
4552,4
4707,6
2108,6
2505,3
7182,5
11765,5
5171,4
6132,6
6632,5
11788,1
4152,4
1133,2
7156,2
7022,7
5812,4
12072,7
8819,6
13620,7
7184,5
12661,4
5958,4
6621,3
9824,1
11406,2
14208,3
6271,4
13842,1
5781,5
11147,6
1304,5
13008,4
6465,5
9038,7
6073,3
2797,5
4452,6
9427,7
5127,4
12628,4
9735,2
13235,5
3916,4
5822,6
14197,1
3458,4
8784,7
14213,5
14716,1
14746,1
10939,3
11533,1
5276,6
1040,2
11539,2
9876,1
1740,2
3856,3
6651,5
10718,2
13664,6
6075,6
6435,2
9195,7
5306,4
253,1
3143,3
10586,2
804,2
12188,5
9453,7
10308,7
6130,6
5323,3
2228,3
238,1
10068,1
1618,5
326,2
154,2
1277,1
8293,7
1644,1
14235,5
793,2
11644,5
824,2
1557,1
12055,2
1524,5
5996,3
2530,6
533,2
3676,3
2536,6
7088,5
4735,4
5897,6
4340,3
13386,6
11487,5
11507,2
4638,4
9737,1
13592,3
7911,3
2183,4
11955,6
1053,2
4986,4
8116,7
7264,6
11802,1
328,2
14336,1
6575,6
14569,2
10627,1
1267,2
13183,6
9725,7
5341,4
4268,5
5827,6
12430,4
3321,3
11016,3
6456,7
9091,7
3229,5
7074,1
5115,4
8452,1
4314,4
13139,4
14107,5
13980,1
9499,7
9684,2
3763,4
14905,6
9495,7
5219,4
9509,7
8933,5
4431,4
5159,6
12167,5
11300,3
13258,6
14370,7
7073,7
5663,4
2364,3
6687,5
6843,5
3242,4
1544,5
1424,5
3177,3
2049,6
9177,1
475,2
256,2
11202,3
7706,7
4215,3
9088,1
105,2
5524,4
12686,6
13232,3
9311,7
11103,3
3350,5
5543,6
8879,1
3224,5
10199,5
8563,3
11150,3
7003,1
6823,1
12456,4
7339,5
10355,1
1293,5
12906,4
12932,6
5134,4
863,2
8942,1
13339,1
5767,3
12362,4
2026,3
13967,7
8688,2
4719,3
8048,5
7615,6
4720,6
6150,6
1993,5
12359,4
422,1
8562,5
3859,4
3075,4
471,2
1481,1
11634,2
14298,7
15037,3
10425,7
11729,2
10067,5
11166,6
88,2
10322,1
1782,1
6936,5
13227,4
9064,1
11045,6
1657,7
10447,7
5602,4
9016,1
3358,3
3138,4
14440,7
13238,6
145,2
10349,7
1125,2
7783,5
6042,1
255,2
9162,1
7819,7
7410,6
11598,2
6603,7
10970,3
153,2
236,2
6352,7
7194,6
13041,7
12098,2
5857,6
7909,7
5322,3
6099,4
14106,5
2344,6
7513,1
1672,5
14563,7
8939,1
10954,3
12193,4
8977,7
8756,6
5625,6
13522,3
1968,3
47,5
2927,4
13756,6
6516,5
7921,7
1654,1
5009,3
4361,4
3545,3
12184,4
1234,5
13936,7
13214,4
9947,5
3509,4
4526,4
2917,1
423,2
4459,6
6194,6
13954,1
12860,4
8828,1
777,1
10348,7
1982,3
15024,3
14549,7
13947,2
9486,7
11929,7
3476,4
8579,5
9194,2
12593,4
3759,4
385,5
1812,1
14145,5
879,2
2979,3
3986,4
12914,3
6767,1
5791,3
2849,3
13511,1
9649,7
11410,1
3657,4
1115,2
8892,2
6256,6
14717,1
14031,5
8137,6
807,2
2865,3
7908,7
5140,4
10834,6
11875,1
3938,4
9913,7
2614,6
501,2
5003,3
9995,1
8284,5
13540,5
13708,5
10550,1
9882,2
1800,7
12896,6
6354,1
11208,3
5316,6
15075,3
4621,4
10551,7
1375,2
8057,2
8078,7
4548,4
11396,2
3114,5
4105,4
5063,4
11970,3
6813,2
1717,5
2260,6
4212,5
1548,5
12157,5
1939,3
5555,6
8169,5
1525,1
8849,5
7491,1
4359,3
8421,5
7987,3
4872,3
8790,6
13904,5
3032,3
3701,4
1602,5
7484,3
14239,1
6681,2
2445,2
13286,3
1670,2
11474,2
9984,7
6364,2
12549,4
6682,7
4218,4
248,2
1416,5
13391,3
3541,5
11695,2
10796,6
4392,3
8291,1
8581,1
6029,6
3093,4
7989,5
4064,1
5141,4
9207,7
12451,4
7280,6
4421,3
4280,4
14673,7
11756,1
13250,6
7350,3
685,5
12372,5
3876,4
7449,2
6417,5
3613,4
8887,1
6742,7
14862,3
10154,1
4757,4
6079,4
7380,3
7762,7
3953,4
10629,2
7756,5
2380,6
3411,4
13376,4
8706,1
6455,6
12270,4
8624,1
11968,1
13856,6
10906,3
2105,6
3936,3
4363,6
7305,2
13698,3
13638,5
4179,4
5575,4
5779,1
13128,3
7108,6
5959,6
9548,2
622,2
3561,4
5266,4
14182,5
8919,7
10039,2
5450,4
1914,7
6945,3
11119,3
5986,4
14915,2
4089,4
4808,6
9137,1
12413,3
6789,5
11855,1
842,2
14891,3
6252,6
115,2
14556,1
2709,5
12731,4
9335,1
7544,5
13627,5
12095,5
7806,6
14596,1
9161,1
5975,1
8062,7
14493,7
9514,7
12214,5
11826,5
12895,4
14217,6
8058,1
11542,5
13667,1
6782,3
185,1
680,2
2057,1
9126,1
14599,1
1230,5
8208,1
10484,7
5811,3
3608,4
9776,7
648,2
6734,5
4274,5
505,2
3382,4
5617,3
10977,6
7483,3
13868,7
3274,5
1258,5
4467,5
3340,4
1063,1
1303,1
6946,3
1088,2
1728,7
4226,4
14524,7
705,2
13632,5
11201,3
12419,4
1839,1
6551,1
4200,3
10707,3
1200,5
4390,4
676,2
10221,1
4084,4
4373,1
8512,5
3926,3
3327,4
7876,6
604,5
3491,5
12817,6
1702,5
534,2
8822,7
7032,5
5268,3
6343,6
3721,3
13450,6
625,5
12565,4
1808,7
6965,3
10318,1
5941,6
12819,2
3919,4
10044,1
3409,3
11935,1
3058,4
8903,5
184,2
13256,4
14134,5
3148,6
13380,6
14490,1
9640,1
10770,3
1412,5
8095,7
14597,1
6268,6
691,2
434,1
5120,7
3167,4
14917,6
12639,4
7444,5
7541,5
10474,7
12217,4
13613,5
11017,6
14065,5
3017,2
10949,3
6535,7
5023,4
3217,3
583,2
1560,5
4440,4
1139,1
8157,7
9287,7
74,2
10943,6
4615,3
13576,4
8088,5
279,2
214,2
2920,5
2072,5
2384,6
7248,7
3760,4
8040,5
13578,1
11209,6
9628,1
13317,6
3781,6
14017,6
8649,5
4157,4
6626,3
12490,4
7935,3
10304,1
6841,5
4444,4
2006,5
2658,5
2512,5
10258,2
1327,1
5571,4
12982,1
14720,2
659,5
6234,4
9764,7
2211,6
10905,3
4619,4
12399,3
13766,7
1499,1
3688,5
5987,3
11732,2
357,2
2676,4
2781,6
7385,7
8419,7
3594,5
11672,1
846,2
1261,5
2820,6
10831,3
6576,2
4204,3
11798,1
1921,6
11623,5
2735,5
2379,3
5459,4
15015,3
1897,6
6142,4
7526,1
3578,4
9031,1
6420,6
9478,7
4806,4
8252,7
2995,5
13801,7
1501,1
14557,7
7302,3
7884,7
12064,7
11816,2
8431,6
11714,1
2895,3
13281,6
2710,5
2936,5
9523,7
3899,4
14362,1
11575,2
13230,6
8902,1
12701,4
12935,4
13829,1
6821,1
4555,6
9795,7
6188,6
2652,4
1549,5
10378,7
7458,5
2021,6
12044,5
9282,1
10293,1
4668,3
8497,3
10959,3
1035,2
10925,3
3748,4
13958,7
16,5
3895,4
1226,5
1741,1
9150,7
13004,6
5846,6
9107,7
686,2
7786,5
1718,1
12767,4
980,1
13393,6
4940,3
2203,7
13496,6
2381,6
14779,7
1677,5
13195,2
5704,6
4400,4
15073,3
12414,4
6129,4
8025,7
7749,5
11092,3
8455,5
1354,5
5208,4
10708,2
788,2
14474,1
4604,4
1590,1
4785,4
12853,4
9398,7
12427,4
13701,5
480,2
14257,2
11386,2
14040,7
1112,1
10297,7
10523,7
3726,4
700,5
834,2
6380,6
5813,6
6052,6
10246,1
13671,5
12346,3
6494,6
11447,2
6398,5
3911,3
14684,5
361,2
1358,5
4811,2
8384,3
4196,3
6599,1
8305,7
4823,3
5702,6
11397,2
9805,2
14329,1
1094,1
7006,5
12961,5
7083,3
9787,7
13225,6
14354,2
8957,2
5380,4
3897,4
6652,5
12027,6
10315,7
2191,5
7362,5
1629,5
4902,4
2178,3
13500,5
7660,6
12920,4
13589,3
3077,3
9004,1
2804,3
13402,2
8568,7
12289,3
13276,4
6166,4
4687,4
13138,3
1414,1
12381,4
1600,5
2377,6
11215,3
12802,4
9085,7
11099,6
11795,1
1074,1
6260,6
4846,6
2861,3
3001,3
9508,7
7941,5
8936,7
8410,1
1845,2
1792,5
5174,4
6506,5
207,1
5826,6
9977,7
2317,6
7159,5
14384,7
3679,4
1770,7
9587,7
14993,3
7757,7
2577,6
10583,2
9547,2
2903,5
10271,1
13727,5
11357,5
11264,3
7809,1
830,2
8474,5
12196,2
10700,6
871,2
31,5
12757,5
797,2
9347,7
6379,6
6643,4
5000,2
6525,7
3664,4
857,1
14671,7
4333,4
4158,4
13670,7
2413,5
9219,7
2473,5
10259,2
8712,5
4184,4
988,2
538,2
14327,2
2209,6
7060,1
10868,3
10971,3
10170,7
4519,5
9180,1
991,2
8415,1
8506,7
6706,3
969,5
11671,1
13350,6
12047,6
11398,2
3697,4
6016,4
3344,6
1420,5
11502,2
9331,7
8235,1
8376,1
11122,3
7051,5
3083,3
762,2
7223,6
3248,4
1407,5
3379,4
7193,3
12975,7
11239,3
10883,6
9332,7
4492,4
7116,6
9999,1
9648,2
9842,7
4851,4
13210,3
336,1
5626,4
13062,6
10507,7
2991,3
11073,6
4251,3
5915,3
6711,7
7674,2
10217,7
13280,3
869,5
2370,5
8398,1
8947,7
13306,5
2939,4
737,2
5817,6
3413,3
5376,3
1940,7
4336,4
2030,7
4773,6
1219,2
7334,6
12529,5
12964,3
10533,1
12836,2
8618,2
2743,6
2018,5
9412,7
5674,6
11526,2
6070,6
10212,1
12763,4
1688,1
187,1
13079,3
1513,5
1409,1
5368,3
4822,3
1441,5
11612,2
3066,3
7955,7
8559,7
11185,3
5061,4
11645,2
484,2
6439,5
7382,5
3155,4
4969,4
3793,4
9632,2
12842,4
12429,4
1511,1
11936,7
3097,4
9022,1
7560,6
14256,6
12963,3
10540,7
4737,4
6858,7
7988,1
9473,7
12584,4
10728,6
2574,4
11275,6
4282,3
8495,5
636,2
10041,5
2448,4
10149,7
14871,6
7313,5
8596,1
3062,2
13588,3
1574,5
9211,1
7337,3
10691,6
8510,5
12609,4
3998,3
14703,1
9928,5
6995,6
15003,6
3190,5
2774,5
2126,6
9631,7
531,2
2128,4
10415,7
4981,6
6133,6
7840,7
1473,5
1896,6
5753,6
9986,7
2830,6
12736,6
12230,5
5242,6
8571,1
1682,7
10722,6
12386,1
14375,7
4906,4
10401,7
614,5
4616,4
8238,3
13818,7
5809,1
11854,2
1233,5
13184,6
7633,7
12107,5
8906,1
6598,3
850,2
11675,1
14586,2
6872,5
3241,3
10426,7
13704,6
2117,5
14236,1
14088,3
3453,5
5856,6
3736,4
1942,5
12146,5
5928,3
8850,5
14480,7
2638,5
7286,1
8081,7
14015,7
5089,4
7801,7
9042,7
5457,6
12223,3
12874,4
10811,5
10859,3
9617,1
1158,5
11363,5
11749,5
10890,3
2199,3
6353,2
15018,6
2450,3
5223,3
10688,6
1054,2
3310,3
3205,4
12981,3
14534,7
2192,6
3137,4
5948,3
136,2
10469,1
6882,2
6846,6
1288,5
1586,1
12864,6
1973,2
14296,7
12677,6
14669,1
14052,5
8872,5
14963,3
10462,7
10746,2
14364,1
4043,4
4507,6
11735,2
2114,5
4477,6
11977,6
3394,7
6869,2
9043,7
294,2
8625,7
12366,6
15114,3
3951,3
9837,1
8570,7
7836,5
3805,4
5864,1
10314,7
2278,5
8808,1
4499,4
8175,6
301,2
8183,2
6027,6
1660,5
10029,1
7321,6
10563,2
1242,2
11241,6
3216,4
446,2
495,2
3196,3
13858,7
11571,2
10286,7
14880,3
10574,7
1005,1
10687,1
11605,2
14112,7
7202,5
9546,7
6154,4
10047,7
3357,3
1504,1
5898,3
14404,7
2205,5
6907,3
1580,5
15063,6
6510,2
3769,4
13433,4
4396,4
210,2
9431,1
12290,7
7912,6
7945,5
10352,1
6699,5
3237,3
9046,7
3381,4
6624,3
10087,1
11027,6
7431,7
13778,5
10935,3
13198,4
13467,5
13580,5
15096,6
265,2
8118,2
9353,7
8675,1
14628,7
11783,1
1169,2
10941,3
13478,5
3239,3
6219,4
7295,7
7795,7
9440,7
4560,4
2551,3
6848,7
12634,4
2441,5
2347,5
8023,5
8723,6
8288,2
2764,4
13560,7
13564,4
13615,5
10371,1
4067,5
9786,7
3770,4
1706,5
5034,6
6593,1
5562,6
11023,3
2778,6
4862,5
13267,7
8786,5
852,2
9469,1
6499,5
3193,3
8486,1
2960,3
8926,1
10991,3
2844,3
9008,1
11727,1
8780,1
13679,1
9487,7
5193,6
3529,4
9220,7
13323,4
14600,5
3822,4
3635,5
9391,7
8682,6
5313,3
10948,3
12004,5
11517,2
13089,6
7667,7
4781,4
2725,6
8401,5
2643,3
10487,7
14108,1
14790,2
10546,1
6280,4
2047,2
5683,3
7511,7
7466,6
12781,3
1950,7
335,2
14936,3
11687,1
4445,4
8670,6
5729,6
5282,6
286,2
10396,7
8335,3
8990,2
11173,3
4888,4
3751,5
7428,6
14773,7
7175,1
2359,3
10900,3
2275,6
14863,6
14719,2
443,2
5418,6
11663,2
3170,4
14464,7
2736,2
7967,5
1079,1
4214,5
1788,1
12496,4
10758,6
6897,3
10804,3
13405,6
6406,5
7864,6
2369,5
7805,6
11753,2
11818,5
9920,5
11712,1
7727,7
12726,4
5202,5
635,1
3258,4
13009,4
955,1
5763,6
12462,4
12948,4
11830,1
6988,5
10244,2
14439,1
10160,1
14020,5
4130,4
9699,7
6539,2
2650,4
3649,4
8054,1
6898,3
3016,2
13663,5
10232,2
5111,6
5905,7
7943,5
2790,3
11424,2
3072,4
3806,4
14658,7
13897,5
12818,1
10677,3
7359,7
7066,5
11947,5
11943,6
14985,3
2625,4
14838,2
329,1
15088,3
6358,6
12176,5
11451,2
7363,5
7713,5
3615,4
2297,6
10542,7
14346,7
4832,4
2996,2
3691,3
1977,6
9689,2
6683,7
2491,5
4857,3
14646,1
104,2
7823,7
10787,6
6765,1
3750,3
11809,5
1017,2
11098,6
12832,3
1834,1
12810,3
11083,3
3636,5
12471,3
9290,7
9407,7
5533,6
10947,3
179,2
13915,7
9634,1
6943,6
5711,5
10114,7
716,2
2366,5
2847,3
5143,4
10675,6
7803,2
8046,7
9045,1
7297,7
10038,7
12011,3
13049,4
9667,7
349,2
10081,5
2196,6
3420,4
10025,1
383,2
10765,6
12210,4
1134,1
11294,3
366,2
8135,6
11625,2
1270,5
466,2
13392,6
8829,7
12778,3
9139,1
14733,7
14756,1
11685,2
4253,3
3817,1
10776,6
7924,7
6891,5
2093,3
7164,6
1041,1
11159,6
9577,7
6097,6
6149,6
13735,1
3442,4
1669,1
14081,3
1029,2
3495,3
14609,1
1426,1
3826,4
6323,6
463,2
355,2
2601,4
10607,7
13451,3
6277,6
3280,5
5927,2
10801,3
1257,5
11288,6
8889,2
11094,6
8011,7
14301,1
3995,4
1591,5
4399,4
4054,4
7316,6
12730,4
1999,3
10389,1
209,2
10866,3
779,2
9401,1
6835,5
7888,7
9044,1
29,2
406,5
12658,4
10698,1
1985,6
5699,3
4601,4
2079,5
14737,1
9300,2
8616,5
3222,5
7938,1
6615,1
26,5
7981,7
3690,4
8276,1
601,2
4798,6
13018,4
10631,7
13643,1
631,2
5583,7
13626,2
12683,3
2065,6
5175,4
5012,6
3626,3
925,2
688,1
1308,1
12574,4
3581,6
3496,3
1093,2
11590,2
10813,3
13403,6
8621,5
10076,7
10958,3
11660,5
9944,1
8345,7
8237,6
6663,3
1000,1
7784,5
13529,1
4135,3
2955,2
8696,1
694,5
13666,7
7770,6
9313,7
3025,4
13805,5
9252,7
9346,7
11553,2
14893,3
3360,4
12976,1
6180,4
7109,1
465,2
5129,3
6731,1
12437,4
482,1
2481,3
10715,6
14795,7
6210,6
7745,7
3356,4
10057,2
12082,5
6183,1
6717,3
2020,6
9005,1
10932,6
4637,4
5843,3
9157,7
5528,6
1621,5
13480,5
858,1
11572,5
9899,7
13178,3
14542,7
7543,7
9802,7
5495,6
9530,1
11844,5
4711,6
1766,5
14998,6
5755,6
5926,7
6921,5
2657,2
4948,4
14344,7
3309,4
9289,7
10461,1
2980,3
9494,7
7891,7
4482,4
8461,3
5886,4
10107,1
10440,1
7448,1
571,1
10247,2
7443,1
5497,6
3345,3
3502,3
9090,7
8417,7
7144,5
6942,6
5281,6
7678,5
4672,5
13847,1
14413,7
4882,4
1493,5
261,1
14095,1
5421,6
14244,6
9455,1
6732,1
1406,5
6504,5
11630,1
10395,1
3019,2
13159,3
884,2
11307,3
1224,5
4748,4
8741,5
7542,7
7190,6
5840,5
10788,6
9253,1
12133,5
9881,1
11719,2
6600,1
8290,5
2914,3
60,5
5885,6
4691,4
4991,4
13443,6
12632,5
2509,5
13435,2
5747,4
11309,3
2682,5
4982,6
4561,6
12416,5
11521,2
9452,7
10226,1
7231,7
7149,3
1177,5
7897,6
2707,4
13394,4
9506,1
13879,3
3993,4
9019,2
9883,1
13007,4
14317,1
6934,1
2854,5
6492,5
9171,7
6757,1
9565,1
3494,3
13102,3
11583,2
2444,2
8854,5
8742,5
12937,4
14792,7
10761,6
4961,6
12629,4
3699,4
8551,3
1221,2
5889,6
3286,4
12723,4
3804,4
10646,6
6820,1
10102,1
9637,1
7759,7
7895,6
1639,6
3487,7
5707,3
10617,2
8411,1
306,2
10150,1
5649,4
101,2
8692,5
14728,7
15055,3
12316,3
9666,7
4450,3
9102,7
12698,4
293,1
6291,4
6751,6
9847,7
4643,3
387,5
662,5
14428,7
72,2
8299,3
12022,7
11191,3
7654,7
2582,5
8721,5
8527,7
6698,5
5029,4
6095,4
3827,4
9906,7
6689,5
5954,4
7154,1
8312,3
3567,4
2298,6
4094,4
14769,7
14267,5
5994,4
2947,4
4045,4
2933,6
9763,7
9793,2
13343,4
4517,5
4795,6
9732,7
7997,7
1136,1
2976,4
11613,2
6611,2
9878,7
99,2
8552,3
14759,7
9982,1
10755,6
731,2
10570,2
6887,7
11683,1
4092,4
4070,4
730,5
6190,6
7216,5
13714,5
400,1
13069,3
10547,1
6926,7
11934,5
9164,7
14109,1
4188,4
3689,3
13599,5
3618,4
6969,7
282,2
9321,1
235,2
7893,2
2948,3
14068,5
12235,6
14054,6
7244,1
2453,4
5950,6
8763,5
2510,5
3215,4
9468,1
3955,4
12159,6
2729,5
6326,6
14954,3
4198,3
5235,6
2745,4
6198,1
8731,2
1333,1
9204,7
12554,5
1462,5
8278,1
8409,3
5735,7
10236,1
13171,7
13912,3
3601,4
10468,7
11283,3
12830,6
3078,7
4787,4
9765,7
9801,7
7235,3
10345,1
15095,6
7148,5
10390,1
6623,3
522,2
5951,6
8309,2
2517,3
13439,6
14929,3
12550,4
10437,7
13040,3
993,1
14253,1
1376,5
4480,4
5909,6
4899,4
2612,2
7953,7
14491,1
10358,7
1634,1
9755,7
4337,4
10827,6
7005,5
14938,3
6112,6
2719,4
12271,2
6392,6
12691,3
9274,7
2294,6
2220,5
10023,7
183,1
14787,1
9703,1
9073,7
12308,4
4974,4
3842,4
5918,6
915,5
2146,7
3428,4
9943,2
5547,6
2069,3
5662,3
11432,2
14772,1
1227,5
8567,6
14894,6
13239,4
9454,7
11586,2
6837,6
14255,5
6054,3
4762,2
120,2
11033,6
4303,4
14024,5
14355,1
3181,7
1506,5
9222,7
3870,4
2964,4
8943,1
14636,7
5015,3
3723,4
3821,3
8318,1
1457,5
6061,6
888,5
7505,1
8800,6
922,5
8821,1
13802,7
2581,5
5933,3
9996,5
4449,4
11095,6
10807,3
9827,7
12588,4
13811,6
905,1
5719,3
2873,6
6553,5
11270,6
7040,1
2919,5
3864,4
8501,1
895,2
1965,5
7797,7
8086,5
11471,5
11764,1
9242,5
12476,4
7877,5
13153,6
8554,6
4875,3
6601,2
6730,6
12811,3
1447,5
2127,3
12355,6
10962,3
1478,1
9181,2
9644,7
2227,6
8223,7
12989,3
2406,6
12522,4
9919,2
4129,4
7386,7
3834,4
1663,7
1818,5
7589,1
11933,5
11290,6
10009,2
10209,2
14049,5
428,5
12172,6
10920,3
10433,7
4761,1
12796,4
1039,2
13785,1
477,2
5919,6
10176,1
14748,1
13923,7
393,5
9997,5
13036,6
9330,7
11581,2
12697,4
14387,7
4685,4
8698,1
9198,7
8463,3
12560,3
10287,7
7510,7
9558,2
8144,7
11810,5
7412,2
2835,1
3809,3
14407,7
12257,6
2953,5
8366,5
8911,5
10769,6
6123,6
1049,1
10820,3
5128,3
5566,3
9396,7
7567,6
391,5
4701,4
12326,4
15035,6
11102,3
8700,1
13176,3
8271,3
5839,5
11013,3
6177,6
6446,6
14687,7
960,5
12771,6
14489,7
5417,4
6849,1
10062,1
3549,4
10438,2
14852,1
7926,7
8707,7
2997,2
8327,7
13686,5
2520,6
7452,6
13374,3
11353,5
7480,6
14952,3
9148,7
10410,7
7158,5
2250,4
9227,7
242,2
13618,3
7670,1
14583,2
4829,4
6554,3
9980,1
10495,7
11799,1
5691,5
8804,1
11347,5
11755,5
5222,4
13337,6
1051,2
11428,2
4026,2
6189,6
6967,6
12315,4
3486,4
4939,3
11759,5
12284,5
4538,4
6032,3
9187,7
5109,4
632,5
3918,4
5525,4
11939,2
9183,7
11319,3
11693,2
3596,3
2637,3
2266,2
1208,5
11835,2
9939,7
11335,3
1031,2
13338,1
4095,4
392,5
4985,4
11316,3
5520,4
2365,2
13419,4
12236,5
3506,4
14857,6
3547,4
11042,3
12803,4
4102,4
13257,4
14691,1
3628,6
9343,7
4002,4
2101,5
11847,5
5172,6
14042,1
14337,7
8400,1
8912,5
4962,6
12070,6
3512,4
13956,1
8687,1
6719,3
11705,1
4311,4
3314,5
5576,6
14620,7
5296,4
3166,4
13543,1
8629,7
12705,1
9228,7
8608,6
7728,7
9106,7
6542,1
7242,6
2716,2
2032,7
4949,4
1784,7
12738,6
14708,1
15016,3
9635,7
849,2
12918,4
4890,3
8250,5
2174,6
12780,3
4033,4
2341,6
768,2
5214,4
404,2
10164,7
13713,5
12582,6
12162,5
6960,1
13135,6
9301,1
12015,6
2177,3
11457,2
10608,7
7663,6
5579,4
7424,6
2985,4
14900,6
13186,6
2454,3
12465,4
7318,6
10086,1
10058,5
10797,3
7237,3
6498,1
11664,1
1225,5
11538,2
9371,7
13744,3
13882,7
7677,2
8315,3
3370,4
7296,7
13807,3
13487,5
7016,5
8247,3
1997,6
14826,1
14154,3
9318,7
14801,7
906,5
6026,6
2351,5
3464,4
587,1
1542,5
10969,3
5761,3
13684,3
7372,7
1204,5
7203,5
5679,4
6094,6
5423,6
2233,6
9328,7
8760,2
3004,4
11562,1
8274,5
4898,4
7183,5
9151,7
5071,4
507,1
13310,7
2393,5
3404,3
3524,3
14555,7
12497,1
9260,7
9513,7
12682,4
5369,4
6806,2
240,2
11020,6
8538,5
11556,2
3152,4
6739,5
1589,5
1389,5
9015,1
7043,5
3971,4
1019,2
10995,3
6749,3
6297,6
6574,3
10798,2
6408,5
1665,7
2131,4
8944,1
912,1
7586,5
2396,5
4358,3
8765,6
12106,5
13315,4
4171,3
5004,3
10085,7
11680,1
3624,4
12790,6
5935,3
6019,6
13381,6
15084,6
1472,5
11785,1
919,5
1734,5
9190,7
990,1
437,5
12444,4
5705,6
4782,4
12341,3
10033,1
1611,5
1037,1
7026,1
7028,5
15030,3
6055,3
4342,4
1371,5
5907,4
3349,5
7576,6
3086,4
12708,4
554,2
11627,2
13401,1
4550,4
14506,7
10294,2
13081,4
11691,2
11721,1
10861,3
10514,7
4237,4
13287,3
4448,4
1685,2
6997,3
1588,2
4313,3
10830,6
3176,3
6156,4
5090,4
7068,5
6804,3
3796,4
5302,4
9651,1
14471,7
2029,1
4149,4
8459,7
9589,1
10874,3
9423,7
10424,1
3865,4
11400,1
84,2
13950,3
13363,5
9268,2
6992,5
1076,1
10328,1
7401,3
8894,1
12007,3
6500,5
10575,1
12794,3
445,2
10835,3
6267,6
246,2
8124,3
2910,4
141,2
11650,2
10892,3
4745,4
347,1
8033,6
10405,7
4807,4
3746,3
9362,2
5049,3
8949,5
1844,1
3008,3
6404,5
2635,3
15104,6
13424,2
13810,6
13941,5
7059,7
1102,2
10810,2
655,2
5923,6
9105,1
14580,2
8435,5
2621,4
6202,4
9992,7
7875,3
14468,2
13602,3
14901,2
9871,7
14695,2
5995,6
7462,5
14435,7
11761,1
15071,3
9655,7
1342,5
2078,6
3939,4
12970,4
4151,4
1206,5
8685,1
3133,4
1255,1
10011,1
12179,4
11951,5
12130,5
424,2
9113,1
8739,1
228,2
6176,6
6036,6
1689,1
4778,3
14111,3
10056,1
12792,5
14361,7
6315,6
5559,7
13940,2
4694,4
3293,4
8041,7
10092,7
14058,1
4783,4
13501,3
3622,4
2990,6
3527,3
4286,4
14820,1
2741,3
4659,3
5531,2
10963,3
11711,1
8882,1
7559,2
8922,1
7239,3
1082,2
4930,3
4319,5
486,1
3702,4
2238,1
8189,6
6120,4
7940,3
634,2
8012,7
4770,3
4572,5
10089,1
681,2
4867,3
12655,3
8945,7
754,2
14713,1
9812,1
7642,3
12074,5
8344,7
11499,2
9156,1
2989,3
5431,6
7791,5
12318,5
3219,7
10274,7
1970,7
7121,5
14706,5
1790,1
6980,3
6613,7
3965,4
6125,6
2867,3
5024,4
5068,4
5173,4
14554,7
9406,7
6588,7
9545,7
15076,3
1364,5
10022,7
13582,1
4153,4
14066,2
2363,6
14587,1
8950,7
2773,5
2487,6
4952,4
11558,1
5690,2
14689,7
50,5
10901,3
7979,7
5446,6
5773,6
6864,3
1323,2
4296,4
9230,7
3153,4
14676,1
7098,5
10103,7
14696,5
14744,1
1372,1
421,5
645,2
8436,5
6173,6
11257,6
11688,1
1683,7
755,2
7695,6
5582,6
4528,4
5819,6
11865,1
8370,7
13831,3
11256,6
14879,3
14686,7
6118,4
15072,3
2816,5
3408,3
7715,6
64,5
9497,7
13283,3
10799,3
459,2
3647,4
945,1
12384,4
1801,2
8537,5
2200,4
11085,6
9708,1
10273,1
13545,3
1394,5
4966,3
6071,6
9791,2
2572,6
4258,6
4664,4
14839,1
6411,6
6305,6
4965,3
4016,3
1236,5
10790,3
10367,1
9361,1
13059,3
14960,3
14739,1
11318,3
6222,5
5628,4
13872,7
3869,4
11903,5
1700,5
2447,6
14499,7
8092,7
8924,7
4901,3
13705,7
2633,6
1165,5
13869,6
6090,6
5793,3
8951,1
8498,3
13758,3
13641,3
11330,3
7598,6
12302,5
11003,3
12973,3
11461,2
7532,6
1060,1
4764,2
14164,1
3136,4
7494,7
12852,3
12068,2
8311,3
2330,5
2399,5
7312,5
1212,1
17,5
7665,3
12314,3
967,2
8190,5
14461,7
7910,2
4631,4
5929,6
7267,7
12407,6
6617,5
360,2
78,2
6951,2
1863,5
3270,3
7420,7
1714,7
2111,3
4652,4
8467,7
15058,6
6389,5
9351,7
12581,6
3708,3
8316,3
1096,2
11227,6
191,1
10206,5
1081,2
3073,4
4060,6
7126,3
12283,5
9897,2
4730,4
6654,3
5993,6
6519,3
12644,4
12806,6
8215,3
5769,6
11053,6
10196,1
4547,4
14855,2
4107,6
10188,2
9775,7
4228,3
12604,4
6121,6
7664,3
14383,7
9962,1
8256,3
4145,4
7777,7
717,2
14571,7
15040,3
2647,4
13624,1
9531,1
673,2
5829,6
14171,7
5147,3
13730,7
14282,5
2095,7
14767,7
12178,4
1187,1
7768,6
6430,6
11413,2
6262,6
8131,5
7415,7
11328,3
11657,1
13151,3
671,2
3593,5
13987,1
3557,4
8764,6
10743,3
7874,6
14153,7
8069,6
9119,7
8773,1
10088,7
7276,1
7954,7
14617,7
10789,6
7364,5
1007,2
10072,7
1796,1
6407,5
4520,5
7842,6
2060,5
14619,7
3338,4
2306,5
7691,6
6770,5
2186,3
11249,6
10451,1
7834,3
4246,4
14881,5
7950,7
2748,3
9083,7
1962,7
14821,7
14091,3
10319,7
14974,3
13600,3
6369,3
1423,5
5191,6
6684,1
2767,4
11580,1
4706,6
3537,5
12108,2
4252,3
12350,4
12766,4
10885,6
9701,1
12183,3
14511,1
435,2
12994,4
5430,6
9489,7
1488,5
13848,6
6971,1
3942,4
5577,6
5104,4
10393,7
13277,4
14955,3
12155,6
7684,6
14273,5
5347,3
180,1
10055,7
10383,7
8861,5
14502,7
12483,5
5131,4
5384,4
609,1
666,2
6759,5
9477,7
1860,7
2120,5
13815,5
13273,7
7307,7
5476,6
2167,7
6693,1
8597,5
5590,4
10747,5
5850,3
4855,4
9688,7
11618,1
941,2
10282,7
2911,4
13045,4
11574,2
5792,3
4997,7
9949,2
10655,3
2583,5
14766,7
11615,1
2320,3
6758,1
4304,4
11917,1
2800,2
4063,4
2684,5
10684,3
14920,6
855,1
7014,1
5028,4
5487,6
904,1
12614,4
3022,3
13859,5
6580,7
10987,3
3207,4
4979,6
76,2
10649,3
5521,4
7250,7
3307,3
14139,3
9609,7
823,1
2731,5
2704,6
9796,7
8005,7
9536,7
13344,6
15013,6
11106,6
3969,3
126,2
6779,5
5295,4
192,2
12279,6
9023,2
12212,6
9869,7
11805,1
5910,6
14545,7
11435,2
7708,7
10725,6
5217,4
2984,4
1386,5
13291,6
11520,2
9511,7
14180,1
12950,6
11932,7
2012,3
363,2
6788,5
7123,3
11025,6
9863,7
13525,7
9704,7
14987,3
597,2
8940,1
5328,4
11876,2
333,2
10825,2
14166,2
952,2
11684,1
11738,1
11091,3
2104,6
10539,2
4593,3
12282,5
7310,7
11139,6
9115,7
10803,6
14505,1
12606,5
7025,7
10875,3
9278,1
4715,5
9191,7
7499,6
9272,7
11626,1
176,2
14751,1
7917,3
9095,1
2653,4
2193,6
2860,3
11881,5
8382,5
5264,4
8811,6
5600,4
8242,5
7285,7
11561,1
15014,6
2084,7
11072,6
2668,4
7114,3
4169,4
7829,7
4934,4
3779,6
1565,5
1231,2
12756,5
3046,4
4199,3
1936,5
13806,6
4474,4
3115,4
3096,4
9458,1
4848,4
1080,2
5795,3
13539,5
822,1
11966,5
5018,3
8735,6
13432,4
10256,1
9946,2
2803,3
4884,4
749,1
11620,2
6913,3
13271,6
8258,3
2788,4
14194,7
5305,4
12800,4
529,2
11912,1
1430,1
14263,1
9445,1
4412,4
5744,6
6974,5
10749,2
8738,7
11254,6
8350,1
14456,7
11035,3
12460,4
3342,4
4955,7
11846,5
8988,1
5774,6
14889,6
715,2
8917,1
3255,4
13616,3
9691,7
13050,4
14812,1
809,2
7335,3
4050,4
11036,3
7379,6
14700,5
11952,5
605,1
15053,3
3540,5
11268,3
6102,4
3715,4
13313,6
5474,6
9304,7
11039,6
1059,1
14892,3
12216,6
3977,5
12997,6
8907,1
9600,7
7435,5
4007,4
1519,2
5180,4
7087,1
3070,4
7257,3
4662,3
3558,4
5234,6
8020,5
12583,6
13099,1
10976,3
9200,7
14834,1
3253,4
14204,7
10572,1
13537,5
2265,6
9025,2
12754,6
9050,2
3855,3
4284,4
38,5
1182,2
12041,6
3627,6
10791,6
1605,5
10336,7
3043,2
9661,7
3857,4
9677,7
7303,1
8577,6
654,1
1678,1
12247,3
8326,7
13473,5
13903,5
453,2
7207,6
11780,1
3451,5
14933,6
4921,2
3531,4
9952,7
100,2
13208,6
13843,6
1498,1
165,1
1726,2
12589,4
14538,1
799,2
5471,3
7104,3
6495,6
8230,2
494,2
14537,1
3743,4
1923,3
12486,4
4569,5
9804,2
10988,6
8416,1
10760,2
13426,4
3573,4
8871,7
11041,3
1367,1
9911,7
14127,1
5271,3
15052,3
14969,3
14543,7
6670,1
2981,4
1202,2
3517,4
10156,7
8303,2
14610,1
11069,6
2634,3
5952,6
10473,7
4914,7
4728,4
4892,3
2156,6
1614,1
10871,3
13499,6
8395,7
12694,4
5077,6
1948,6
3399,5
7622,6
10603,2
8408,3
10243,1
11421,2
2457,6
4019,4
1314,2
8697,1
14616,7
13926,5
9524,7
13126,4
7793,7
14698,7
14210,5
13762,7
8614,5
7569,7
4405,4
11701,2
8420,1
3693,4
1431,2
8970,1
1159,5
11704,2
6422,6
13888,6
6836,5
137,2
13336,6
3318,5
5875,3
5013,6
1601,5
3055,4
14353,1
10632,3
10983,6
3446,4
3979,4
873,2
5439,4
2864,4
12138,2
4142,4
6461,5
5014,6
1539,1
2468,5
5732,3
15043,3
14010,5
6644,1
9129,1
11113,3
14169,1
1383,5
27,5
11534,2
1704,7
2757,5
1281,5
800,2
10585,1
12998,4
3941,4
10852,6
574,2
10750,3
10135,7
1711,7
7692,6
8207,3
1461,1
556,1
8051,5
3854,4
13604,3
5278,4
6311,6
4352,4
2951,7
4328,4
89,2
9286,7
4027,4
11909,5
13784,6
8444,3
6881,2
13906,6
10515,1
5163,1
4491,4
13094,6
5075,4
2679,3
13345,3
5930,4
8593,3
10115,7
2113,7
7501,6
10795,3
946,5
13794,7
6201,4
14190,5
6949,7
8126,7
7366,7
9726,1
14958,3
3304,4
14924,3
6801,4
11297,6
4281,4
4211,5
11696,2
14522,1
7071,6
3065,3
8269,7
1269,5
8470,1
14925,3
11218,3
7381,3
1089,1
586,2
7056,3
4688,4
8300,3
3403,5
1450,5
14124,5
14635,7
14868,2
13234,7
6349,6
3514,4
9374,7
9993,7
10133,1
9816,1
13254,5
7039,7
3749,4
2998,3
7885,7
14100,1
218,1
11673,2
4920,2
10197,7
15100,3
1875,5
10625,1
12848,5
2569,5
7656,1
6884,3
10727,6
14562,7
3303,4
12085,6
2611,5
13552,1
14776,7
9747,7
6434,2
14558,7
14036,7
8368,5
3885,4
1799,1
11265,6
5304,4
8249,3
9945,2
4231,3
11259,6
7771,6
972,5
15061,3
9912,7
280,2
10365,1
1641,1
7794,7
12886,4
9334,7
6104,4
4947,4
377,2
7113,3
11841,1
12021,7
4398,4
2274,6
5116,6
1716,5
6745,5
13468,5
2900,5
11679,2
12160,5
3727,4
4059,3
12786,4
14076,7
771,2
3416,4
339,1
12834,6
5988,6
1905,6
6718,4
8319,2
2400,6
13721,3
30,5
11495,2
6962,5
14035,5
6082,6
5352,6
13454,1
5800,6
12045,6
7850,7
12222,4
11842,1
14877,3
886,2
13840,6
8923,7
6245,6
11582,2
6401,1
10267,7
10534,7
3013,1
14451,1
7673,2
8036,5
4603,4
563,2
2839,5
6747,5
4186,4
12660,4
13358,6
4666,6
3659,4
13697,3
3645,3
11442,2
14174,6
13934,7
4763,5
7315,2
4551,4
14981,3
314,2
14867,3
4168,4
14417,7
342,2
3275,5
7861,6
10492,7
12363,6
7951,7
13231,6
14001,5
9525,7
3254,4
14664,5
12038,7
8626,7
10360,7
4119,4
9295,7
5336,4
913,1
10373,1
4612,4
10153,1
4923,5
6707,6
2339,3
9305,7
14161,5
9262,7
5344,6
13504,5
10098,7
9836,1
12395,5
3284,4
11548,5
1613,5
6925,7
12553,7
6825,5
3333,4
6462,5
12858,4
6382,4
3526,3
12527,7
9843,1
9188,1
13058,4
9449,1
12703,4
5830,6
9125,7
7626,7
7086,7
8325,7
7773,7
8426,3
9438,1
9039,7
9998,1
4675,4
3131,4
6672,5
13097,4
11204,3
8211,7
10686,5
2455,6
1869,6
1607,1
5979,4
10059,5
2529,2
8878,1
6160,6
10118,5
12636,4
2051,6
7703,5
8931,5
1559,1
1199,5
4971,4
2693,4
3807,4
6657,7
5006,4
3211,4
784,2
2879,5
12719,4
12972,4
13873,5
2837,7
7034,5
12983,1
5686,3
8964,1
4833,4
10053,1
7168,2
1113,2
817,2
10320,7
10680,6
4133,4
5232,4
9337,1
11389,2
3640,3
11897,5
10538,7
668,5
10305,1
9246,7
5563,4
13953,7
5611,7
14552,7
5358,1
8914,2
13085,4
4262,1
8684,7
9823,1
4464,1
9831,1
1489,5
8297,5
2664,5
13215,3
6113,6
10404,1
1892,3
4366,6
13147,1
159,2
7201,5
5540,3
4827,4
10600,1
11409,2
1883,3
62,2
8966,2
12759,4
4048,4
14018,5
13077,1
1864,5
9738,1
5407,4
1518,1
14220,6
11790,1
5666,4
5106,4
4091,4
8364,3
9961,7
2899,5
14420,7
4321,5
5481,4
8232,5
10252,1
11450,2
3111,1
11908,7
11222,3
2720,4
9472,7
8609,6
6242,6
13672,6
7547,3
8010,7
9480,1
5815,6
14785,1
5215,4
9110,1
9543,7
9611,7
12329,6
10972,6
7580,3
4291,4
2170,5
6344,6
1291,5
6393,6
14585,1
8422,5
3812,3
12244,6
1709,5
1220,2
6725,5
4653,4
14946,3
6658,7
289,2
7655,7
5298,6
4056,4
6101,4
13886,5
7270,7
10162,7
1194,5
12940,4
4457,3
10564,1
2404,4
12831,4
14004,7
10512,7
8149,6
7357,7
5636,2
8778,1
6885,7
5094,6
10307,7
5331,3
7440,3
12603,6
9420,1
9841,7
1653,2
5606,6
12742,5
616,5
4565,4
6299,5
13960,5
10936,3
7384,7
5095,6
12772,4
2982,4
10639,3
7205,6
3118,3
5743,3
3005,4
103,2
5277,3
7523,5
3247,4
14019,1
13731,7
4634,4
4828,4
14775,7
5320,3
12185,5
12733,6
3020,4
12700,4
5785,4
14509,1
6691,3
11740,2
7826,7
9900,7
8610,7
9646,7
13290,6
4469,5
6088,6
845,2
7751,6
8768,1
8165,6
13546,7
6341,4
7746,7
7188,3
1161,5
13893,2
6886,7
13399,5
3782,3
6822,1
4447,4
5203,3
10049,1
3480,4
7220,3
6590,1
3110,7
679,2
12139,6
12851,3
2411,5
86,1
14034,5
9875,1
8127,7
11010,3
10275,7
13835,7
6230,4
9381,7
3140,3
6773,7
5038,6
5536,4
11046,6
15057,3
1592,5
6040,7
6845,3
6888,6
13486,1
11905,7
5944,4
6982,7
14705,1
3881,3
8015,3
4290,4
13865,6
6005,6
12942,3
14189,5
6490,5
11766,1
10015,7
15041,6
6664,6
5818,3
11260,6
4886,4
11182,6
12035,7
6520,3
14793,7
11281,6
5692,1
1101,1
5226,4
5096,6
5452,6
11048,6
226,2
11839,2
6148,4
7177,1
12099,5
13090,1
1564,5
470,2
8002,5
6306,3
4566,6
13019,4
4207,4
11866,1
1754,5
13104,6
12274,6
13774,7
8202,5
13476,2
5348,4
2163,4
5511,3
1400,5
541,2
11858,1
13278,6
14332,1
3698,4
11049,6
9608,7
9314,7
14079,5
7528,6
9448,1
2762,3
6750,3
3050,4
1857,6
3471,4
11726,1
5551,6
15036,6
9602,7
8807,2
12595,4
3419,4
14828,7
3662,4
10477,7
12039,7
6157,6
4655,4
7252,7
3639,5
5614,6
4836,4
6564,5
9668,7
3450,5
10347,1
2961,3
5204,4
14541,7
7990,7
8298,3
4049,4
8983,1
6530,5
77,2
9082,1
12921,4
7446,7
4191,4
1679,7
5188,3
5945,6
6351,6
9839,1
8602,5
610,2
4818,3
11037,3
8109,7
5005,3
6866,3
9419,1
14721,2
9076,7
5339,4
2968,3
1500,1
14321,1
11362,2
3094,4
14922,6
2942,4
10372,1
1945,6
10411,1
2620,4
15007,6
6263,1
14778,1
11394,2
11299,6
13896,7
934,5
364,1
8560,1
92,2
6932,3
11009,6
6523,7
2646,4
1162,5
8388,5
12029,4
4772,4
535,2
13851,6
13585,7
3042,2
13649,5
7880,1
13440,3
7868,7
9256,7
13203,7
2886,3
1346,5
14945,3
13857,7
2567,5
1825,3
11849,1
3637,5
12534,4
5397,6
3012,1
1760,7
14258,2
7224,3
3047,4
900,5
12538,6
6489,1
11831,1
221,2
2160,4
1228,5
7451,3
7063,1
13124,4
9475,1
2694,4
11267,3
9672,1
10909,3
7253,7
118,2
3082,3
307,2
11059,6
2056,3
14016,3
260,2
3045,3
581,2
9411,7
3592,5
4433,4
14608,1
11786,1
14504,7
12246,3
8266,7
7595,6
4994,6
10654,3
4733,4
14089,1
9053,7
10651,1
13389,6
13063,3
11885,1
12272,5
3208,4
6655,3
14397,7
9618,1
12515,4
6649,5
12171,4
9124,2
14475,1
6308,6
2845,4
1207,1
1052,2
3733,4
3616,4
12147,5
7918,3
1198,5
14544,1
4427,5
3835,4
12431,7
9540,7
14292,5
5130,6
14710,2
8280,7
11207,3
14326,1
8287,1
10142,7
14309,7
7623,6
10101,7
456,2
706,2
3614,4
997,1
9685,2
12457,4
933,5
51,5
11515,2
14614,7
11345,5
14942,3
5237,6
8089,2
10261,2
7872,1
14457,1
4035,4
4531,3
12276,4
2433,5
148,2
598,2
3373,4
14280,5
619,1
7341,7
2623,4
10351,7
11331,3
7886,7
2656,3
5377,3
5689,1
880,5
11205,3
2472,5
11964,3
14937,3
7007,5
4864,5
1749,7
3774,4
13006,4
5597,3
9770,7
4005,4
9616,1
11957,5
13284,6
2810,3
2142,6
3122,4
9931,7
4739,4
12040,6
10934,3
5493,4
1266,2
12156,5
8989,1
12120,5
2632,6
5340,4
10679,3
4849,4
5466,5
6091,6
5858,3
13634,7
6505,5
13769,1
1196,5
13462,5
12740,4
11614,1
13479,5
12995,3
1809,5
448,2
12837,5
8499,3
1930,6
13233,3
1957,6
1099,2
14211,6
8423,5
6474,2
6444,5
9152,1
11301,3
11225,6
7686,6
3397,5
4941,3
9979,7
7151,7
11829,5
14747,7
936,1
9625,2
4230,4
6199,1
7311,7
9395,7
1284,2
4236,4
13892,1
12850,6
4121,4
13260,4
1751,7
8357,3
9569,7
8974,2
11370,2
14234,1
14833,1
13591,5
4852,6
7837,7
10130,1
11056,6
8259,1
4858,6
10829,3
5356,6
1529,5
4649,4
6712,1
9241,7
10915,3
8072,1
9781,7
5775,6
13570,5
11728,5
3056,4
4869,4
11489,2
2711,5
8037,5
5796,4
2407,6
5664,6
4183,4
8064,7
3129,4
9178,1
792,2
1176,2
599,5
13130,4
5742,6
5570,4
408,1
14806,7
2499,6
3655,4
747,1
5301,3
14590,7
5307,4
6591,1
3838,3
1340,1
13318,6
5419,6
7272,7
7065,1
14519,7
14368,7
4812,5
14908,6
7838,7
4422,1
10784,2
4964,3
14140,6
13498,6
1343,1
602,5
1484,5
12867,4
2502,3
4277,4
11087,6
890,2
6720,3
9721,1
12304,2
962,5
3718,4
5931,6
4529,3
8969,1
13622,5
14261,1
2825,3
4293,4
13118,3
6937,6
13213,3
3789,3
2198,3
6824,5
8873,5
4141,4
5393,2
4954,6
901,5
12409,4
9244,7
1765,5
5977,2
8982,1
6030,4
2287,6
3784,5
198,1
14037,7
3975,6
3433,4
9040,7
10519,7
13694,6
11815,2
2498,5
13817,7
8752,5
7509,7
3739,4
2157,6
6009,3
14726,2
11082,6
12900,6
11231,3
6449,5
6764,3
4800,4
14274,7
744,1
4488,4
2579,2
3970,4
10406,7
6304,6
318,1
4178,3
14427,1
738,2
14887,5
6254,6
687,1
2655,6
9439,1
4434,4
10285,1
7998,7
8817,5
13563,5
10080,5
5058,4
7527,2
4819,6
1429,1
6320,6
5542,4
15038,6
5321,3
3145,1
12567,4
8588,5
11121,3
8493,5
6397,5
504,2
14381,7
8433,5
12069,4
7048,5
12631,3
13876,6
15025,6
8599,7
12688,6
12166,5
42,5
12825,4
6270,3
5971,6
1209,5
9425,1
7848,3
9624,1
5027,4
5786,4
4626,1
9146,7
11813,1
11692,2
3605,3
312,1
12779,3
3868,4
12594,4
252,1
954,5
963,1
11466,2
5673,6
12770,3
12420,4
13530,7
4021,3
11104,3
5176,6
1178,5
8867,1
12056,6
417,2
5580,6
4936,4
1690,7
13573,6
7563,6
1332,1
3907,4
2478,4
12228,4
12034,7
10210,1
5762,3
12555,5
15113,6
7934,5
7473,2
9870,7
1719,1
6708,3
2938,6
1026,1
1645,2
13844,1
13349,6
7903,7
3737,4
2283,5
5156,4
8647,1
267,2
14727,7
14711,1
4777,3
929,5
10061,1
5405,4
5507,3
11089,6
1495,2
4351,4
11979,3
9670,1
13368,4
4576,4
13548,5
6868,1
12993,4
8710,1
1445,5
14009,5
2814,3
5118,6
9800,7
1832,5
10981,3
5955,3
7568,6
6830,7
10730,6
8794,6
8257,3
10391,1
2540,5
2737,6
11594,2
5990,6
10482,1
14398,7
7516,3
3603,4
9718,7
14972,6
10614,1
10500,7
14816,7
6533,4
6919,5
4349,4
3752,2
11995,6
8864,1
3758,4
7061,2
13948,2
13429,4
8429,3
5634,7
9327,7
14135,7
5613,6
1767,5
3033,4
4245,4
11843,1
14382,1
13682,1
12436,4
7808,1
4015,4
7515,5
1466,1
2109,3
8253,3
3488,2
225,2
2661,5
5410,3
8664,1
718,2
1925,7
13475,5
856,2
1034,1
13168,6
572,2
6715,5
2671,4
6458,1
2857,5
8930,7
5258,4
10931,6
6673,5
6602,1
5912,3
14388,7
7179,7
5893,6
647,2
10518,7
6627,1
2173,2
2257,5
13798,6
13228,4
13464,6
1442,1
606,1
488,1
13312,2
7966,5
14195,6
348,2
6910,5
41,2
876,5
7927,7
6512,5
6451,5
1777,7
14252,6
3591,5
2700,3
3501,4
8199,7
13047,3
6929,5
4959,3
14104,5
5416,3
11197,6
10265,1
13146,6
134,1
449,2
4410,3
4670,6
9621,1
1848,5
6419,5
367,1
10357,7
9905,7
14438,1
5050,3
8975,2
13655,6
11154,6
12117,6
4835,4
6956,6
11477,5
8770,2
4222,4
1595,1
7855,7
5794,6
5325,3
8536,3
7301,3
3570,4
2958,3
5765,4
3982,4
8524,6
4332,4
4935,4
1981,3
